x,y,a,b,p,q,r,s
1,1,1,1,1,0,0,1
1,1,1,0,0,1,1,-1
1,2,1,2,1,0,0,1
1,2,2,1,0,1,1,0
1,2,1,0,1,-2,0,1
1,3,1,3,1,0,0,1
1,3,3,1,0,1,1,0
1,3,1,0,1,-3,0,1
1,4,1,4,1,0,0,1
1,4,4,1,0,1,1,0
1,4,1,0,1,-4,0,1
1,5,1,5,1,0,0,1
1,5,5,1,0,1,1,0
1,5,1,0,1,-5,0,1
1,6,1,6,1,0,0,1
1,6,6,1,0,1,1,0
1,6,1,0,1,-6,0,1
1,7,1,7,1,0,0,1
1,7,7,1,0,1,1,0
1,7,1,0,1,-7,0,1
1,8,1,8,1,0,0,1
1,8,8,1,0,1,1,0
1,8,1,0,1,-8,0,1
1,9,1,9,1,0,0,1
1,9,9,1,0,1,1,0
1,9,1,0,1,-9,0,1
1,10,1,10,1,0,0,1
1,10,10,1,0,1,1,0
1,10,1,0,1,-10,0,1
2,1,2,1,1,0,0,1
2,1,1,0,0,1,1,-2
2,2,2,2,1,0,0,1
2,2,2,0,0,1,1,-1
2,3,2,3,1,0,0,1
2,3,3,2,0,1,1,0
2,3,2,1,1,-1,0,1
2,3,1,0,-1,3,1,-2
2,4,2,4,1,0,0,1
2,4,4,2,0,1,1,0
2,4,2,0,1,-2,0,1
2,5,2,5,1,0,0,1
2,5,5,2,0,1,1,0
2,5,2,1,1,-2,0,1
2,5,1,0,-2,5,1,-2
2,6,2,6,1,0,0,1
2,6,6,2,0,1,1,0
2,6,2,0,1,-3,0,1
2,7,2,7,1,0,0,1
2,7,7,2,0,1,1,0
2,7,2,1,1,-3,0,1
2,7,1,0,-3,7,1,-2
2,8,2,8,1,0,0,1
2,8,8,2,0,1,1,0
2,8,2,0,1,-4,0,1
2,9,2,9,1,0,0,1
2,9,9,2,0,1,1,0
2,9,2,1,1,-4,0,1
2,9,1,0,-4,9,1,-2
2,10,2,10,1,0,0,1
2,10,10,2,0,1,1,0
2,10,2,0,1,-5,0,1
3,1,3,1,1,0,0,1
3,1,1,0,0,1,1,-3
3,2,3,2,1,0,0,1
3,2,2,1,0,1,1,-1
3,2,1,0,1,-2,-1,3
3,3,3,3,1,0,0,1
3,3,3,0,0,1,1,-1
3,4,3,4,1,0,0,1
3,4,4,3,0,1,1,0
3,4,3,1,1,-1,0,1
3,4,1,0,-1,4,1,-3
3,5,3,5,1,0,0,1
3,5,5,3,0,1,1,0
3,5,3,2,1,-1,0,1
3,5,2,1,-1,2,1,-1
3,5,1,0,2,-5,-1,3
3,6,3,6,1,0,0,1
3,6,6,3,0,1,1,0
3,6,3,0,1,-2,0,1
3,7,3,7,1,0,0,1
3,7,7,3,0,1,1,0
3,7,3,1,1,-2,0,1
3,7,1,0,-2,7,1,-3
3,8,3,8,1,0,0,1
3,8,8,3,0,1,1,0
3,8,3,2,1,-2,0,1
3,8,2,1,-2,3,1,-1
3,8,1,0,3,-8,-1,3
3,9,3,9,1,0,0,1
3,9,9,3,0,1,1,0
3,9,3,0,1,-3,0,1
3,10,3,10,1,0,0,1
3,10,10,3,0,1,1,0
3,10,3,1,1,-3,0,1
3,10,1,0,-3,10,1,-3
4,1,4,1,1,0,0,1
4,1,1,0,0,1,1,-4
4,2,4,2,1,0,0,1
4,2,2,0,0,1,1,-2
4,3,4,3,1,0,0,1
4,3,3,1,0,1,1,-1
4,3,1,0,1,-3,-1,4
4,4,4,4,1,0,0,1
4,4,4,0,0,1,1,-1
4,5,4,5,1,0,0,1
4,5,5,4,0,1,1,0
4,5,4,1,1,-1,0,1
4,5,1,0,-1,5,1,-4
4,6,4,6,1,0,0,1
4,6,6,4,0,1,1,0
4,6,4,2,1,-1,0,1
4,6,2,0,-1,3,1,-2
4,7,4,7,1,0,0,1
4,7,7,4,0,1,1,0
4,7,4,3,1,-1,0,1
4,7,3,1,-1,2,1,-1
4,7,1,0,2,-7,-1,4
4,8,4,8,1,0,0,1
4,8,8,4,0,1,1,0
4,8,4,0,1,-2,0,1
4,9,4,9,1,0,0,1
4,9,9,4,0,1,1,0
4,9,4,1,1,-2,0,1
4,9,1,0,-2,9,1,-4
4,10,4,10,1,0,0,1
4,10,10,4,0,1,1,0
4,10,4,2,1,-2,0,1
4,10,2,0,-2,5,1,-2
5,1,5,1,1,0,0,1
5,1,1,0,0,1,1,-5
5,2,5,2,1,0,0,1
5,2,2,1,0,1,1,-2
5,2,1,0,1,-2,-2,5
5,3,5,3,1,0,0,1
5,3,3,2,0,1,1,-1
5,3,2,1,1,-1,-1,2
5,3,1,0,-1,3,2,-5
5,4,5,4,1,0,0,1
5,4,4,1,0,1,1,-1
5,4,1,0,1,-4,-1,5
5,5,5,5,1,0,0,1
5,5,5,0,0,1,1,-1
5,6,5,6,1,0,0,1
5,6,6,5,0,1,1,0
5,6,5,1,1,-1,0,1
5,6,1,0,-1,6,1,-5
5,7,5,7,1,0,0,1
5,7,7,5,0,1,1,0
5,7,5,2,1,-1,0,1
5,7,2,1,-1,3,1,-2
5,7,1,0,3,-7,-2,5
5,8,5,8,1,0,0,1
5,8,8,5,0,1,1,0
5,8,5,3,1,-1,0,1
5,8,3,2,-1,2,1,-1
5,8,2,1,2,-3,-1,2
5,8,1,0,-3,8,2,-5
5,9,5,9,1,0,0,1
5,9,9,5,0,1,1,0
5,9,5,4,1,-1,0,1
5,9,4,1,-1,2,1,-1
5,9,1,0,2,-9,-1,5
5,10,5,10,1,0,0,1
5,10,10,5,0,1,1,0
5,10,5,0,1,-2,0,1
6,1,6,1,1,0,0,1
6,1,1,0,0,1,1,-6
6,2,6,2,1,0,0,1
6,2,2,0,0,1,1,-3
6,3,6,3,1,0,0,1
6,3,3,0,0,1,1,-2
6,4,6,4,1,0,0,1
6,4,4,2,0,1,1,-1
6,4,2,0,1,-2,-1,3
6,5,6,5,1,0,0,1
6,5,5,1,0,1,1,-1
6,5,1,0,1,-5,-1,6
6,6,6,6,1,0,0,1
6,6,6,0,0,1,1,-1
6,7,6,7,1,0,0,1
6,7,7,6,0,1,1,0
6,7,6,1,1,-1,0,1
6,7,1,0,-1,7,1,-6
6,8,6,8,1,0,0,1
6,8,8,6,0,1,1,0
6,8,6,2,1,-1,0,1
6,8,2,0,-1,4,1,-3
6,9,6,9,1,0,0,1
6,9,9,6,0,1,1,0
6,9,6,3,1,-1,0,1
6,9,3,0,-1,3,1,-2
6,10,6,10,1,0,0,1
6,10,10,6,0,1,1,0
6,10,6,4,1,-1,0,1
6,10,4,2,-1,2,1,-1
6,10,2,0,2,-5,-1,3
7,1,7,1,1,0,0,1
7,1,1,0,0,1,1,-7
7,2,7,2,1,0,0,1
7,2,2,1,0,1,1,-3
7,2,1,0,1,-2,-3,7
7,3,7,3,1,0,0,1
7,3,3,1,0,1,1,-2
7,3,1,0,1,-3,-2,7
7,4,7,4,1,0,0,1
7,4,4,3,0,1,1,-1
7,4,3,1,1,-1,-1,2
7,4,1,0,-1,4,2,-7
7,5,7,5,1,0,0,1
7,5,5,2,0,1,1,-1
7,5,2,1,1,-2,-1,3
7,5,1,0,-2,5,3,-7
7,6,7,6,1,0,0,1
7,6,6,1,0,1,1,-1
7,6,1,0,1,-6,-1,7
7,7,7,7,1,0,0,1
7,7,7,0,0,1,1,-1
7,8,7,8,1,0,0,1
7,8,8,7,0,1,1,0
7,8,7,1,1,-1,0,1
7,8,1,0,-1,8,1,-7
7,9,7,9,1,0,0,1
7,9,9,7,0,1,1,0
7,9,7,2,1,-1,0,1
7,9,2,1,-1,4,1,-3
7,9,1,0,4,-9,-3,7
7,10,7,10,1,0,0,1
7,10,10,7,0,1,1,0
7,10,7,3,1,-1,0,1
7,10,3,1,-1,3,1,-2
7,10,1,0,3,-10,-2,7
8,1,8,1,1,0,0,1
8,1,1,0,0,1,1,-8
8,2,8,2,1,0,0,1
8,2,2,0,0,1,1,-4
8,3,8,3,1,0,0,1
8,3,3,2,0,1,1,-2
8,3,2,1,1,-1,-2,3
8,3,1,0,-1,3,3,-8
8,4,8,4,1,0,0,1
8,4,4,0,0,1,1,-2
8,5,8,5,1,0,0,1
8,5,5,3,0,1,1,-1
8,5,3,2,1,-1,-1,2
8,5,2,1,-1,2,2,-3
8,5,1,0,2,-5,-3,8
8,6,8,6,1,0,0,1
8,6,6,2,0,1,1,-1
8,6,2,0,1,-3,-1,4
8,7,8,7,1,0,0,1
8,7,7,1,0,1,1,-1
8,7,1,0,1,-7,-1,8
8,8,8,8,1,0,0,1
8,8,8,0,0,1,1,-1
8,9,8,9,1,0,0,1
8,9,9,8,0,1,1,0
8,9,8,1,1,-1,0,1
8,9,1,0,-1,9,1,-8
8,10,8,10,1,0,0,1
8,10,10,8,0,1,1,0
8,10,8,2,1,-1,0,1
8,10,2,0,-1,5,1,-4
9,1,9,1,1,0,0,1
9,1,1,0,0,1,1,-9
9,2,9,2,1,0,0,1
9,2,2,1,0,1,1,-4
9,2,1,0,1,-2,-4,9
9,3,9,3,1,0,0,1
9,3,3,0,0,1,1,-3
9,4,9,4,1,0,0,1
9,4,4,1,0,1,1,-2
9,4,1,0,1,-4,-2,9
9,5,9,5,1,0,0,1
9,5,5,4,0,1,1,-1
9,5,4,1,1,-1,-1,2
9,5,1,0,-1,5,2,-9
9,6,9,6,1,0,0,1
9,6,6,3,0,1,1,-1
9,6,3,0,1,-2,-1,3
9,7,9,7,1,0,0,1
9,7,7,2,0,1,1,-1
9,7,2,1,1,-3,-1,4
9,7,1,0,-3,7,4,-9
9,8,9,8,1,0,0,1
9,8,8,1,0,1,1,-1
9,8,1,0,1,-8,-1,9
9,9,9,9,1,0,0,1
9,9,9,0,0,1,1,-1
9,10,9,10,1,0,0,1
9,10,10,9,0,1,1,0
9,10,9,1,1,-1,0,1
9,10,1,0,-1,10,1,-9
10,1,10,1,1,0,0,1
10,1,1,0,0,1,1,-10
10,2,10,2,1,0,0,1
10,2,2,0,0,1,1,-5
10,3,10,3,1,0,0,1
10,3,3,1,0,1,1,-3
10,3,1,0,1,-3,-3,10
10,4,10,4,1,0,0,1
10,4,4,2,0,1,1,-2
10,4,2,0,1,-2,-2,5
10,5,10,5,1,0,0,1
10,5,5,0,0,1,1,-2
10,6,10,6,1,0,0,1
10,6,6,4,0,1,1,-1
10,6,4,2,1,-1,-1,2
10,6,2,0,-1,3,2,-5
10,7,10,7,1,0,0,1
10,7,7,3,0,1,1,-1
10,7,3,1,1,-2,-1,3
10,7,1,0,-2,7,3,-10
10,8,10,8,1,0,0,1
10,8,8,2,0,1,1,-1
10,8,2,0,1,-4,-1,5
10,9,10,9,1,0,0,1
10,9,9,1,0,1,1,-1
10,9,1,0,1,-9,-1,10
10,10,10,10,1,0,0,1
10,10,10,0,0,1,1,-1
11,1,11,1,1,0,0,1
11,1,1,0,0,1,1,-11
11,2,11,2,1,0,0,1
11,2,2,1,0,1,1,-5
11,2,1,0,1,-2,-5,11
11,3,11,3,1,0,0,1
11,3,3,2,0,1,1,-3
11,3,2,1,1,-1,-3,4
11,3,1,0,-1,3,4,-11
11,4,11,4,1,0,0,1
11,4,4,3,0,1,1,-2
11,4,3,1,1,-1,-2,3
11,4,1,0,-1,4,3,-11
11,5,11,5,1,0,0,1
11,5,5,1,0,1,1,-2
11,5,1,0,1,-5,-2,11
11,6,11,6,1,0,0,1
11,6,6,5,0,1,1,-1
11,6,5,1,1,-1,-1,2
11,6,1,0,-1,6,2,-11
11,7,11,7,1,0,0,1
11,7,7,4,0,1,1,-1
11,7,4,3,1,-1,-1,2
11,7,3,1,-1,2,2,-3
11,7,1,0,2,-7,-3,11
11,8,11,8,1,0,0,1
11,8,8,3,0,1,1,-1
11,8,3,2,1,-2,-1,3
11,8,2,1,-2,3,3,-4
11,8,1,0,3,-8,-4,11
11,9,11,9,1,0,0,1
11,9,9,2,0,1,1,-1
11,9,2,1,1,-4,-1,5
11,9,1,0,-4,9,5,-11
11,10,11,10,1,0,0,1
11,10,10,1,0,1,1,-1
11,10,1,0,1,-10,-1,11
12,1,12,1,1,0,0,1
12,1,1,0,0,1,1,-12
12,2,12,2,1,0,0,1
12,2,2,0,0,1,1,-6
12,3,12,3,1,0,0,1
12,3,3,0,0,1,1,-4
12,4,12,4,1,0,0,1
12,4,4,0,0,1,1,-3
12,5,12,5,1,0,0,1
12,5,5,2,0,1,1,-2
12,5,2,1,1,-2,-2,5
12,5,1,0,-2,5,5,-12
12,6,12,6,1,0,0,1
12,6,6,0,0,1,1,-2
12,7,12,7,1,0,0,1
12,7,7,5,0,1,1,-1
12,7,5,2,1,-1,-1,2
12,7,2,1,-1,3,2,-5
12,7,1,0,3,-7,-5,12
12,8,12,8,1,0,0,1
12,8,8,4,0,1,1,-1
12,8,4,0,1,-2,-1,3
12,9,12,9,1,0,0,1
12,9,9,3,0,1,1,-1
12,9,3,0,1,-3,-1,4
12,10,12,10,1,0,0,1
12,10,10,2,0,1,1,-1
12,10,2,0,1,-5,-1,6
13,1,13,1,1,0,0,1
13,1,1,0,0,1,1,-13
13,2,13,2,1,0,0,1
13,2,2,1,0,1,1,-6
13,2,1,0,1,-2,-6,13
13,3,13,3,1,0,0,1
13,3,3,1,0,1,1,-4
13,3,1,0,1,-3,-4,13
13,4,13,4,1,0,0,1
13,4,4,1,0,1,1,-3
13,4,1,0,1,-4,-3,13
13,5,13,5,1,0,0,1
13,5,5,3,0,1,1,-2
13,5,3,2,1,-1,-2,3
13,5,2,1,-1,2,3,-5
13,5,1,0,2,-5,-5,13
13,6,13,6,1,0,0,1
13,6,6,1,0,1,1,-2
13,6,1,0,1,-6,-2,13
13,7,13,7,1,0,0,1
13,7,7,6,0,1,1,-1
13,7,6,1,1,-1,-1,2
13,7,1,0,-1,7,2,-13
13,8,13,8,1,0,0,1
13,8,8,5,0,1,1,-1
13,8,5,3,1,-1,-1,2
13,8,3,2,-1,2,2,-3
13,8,2,1,2,-3,-3,5
13,8,1,0,-3,8,5,-13
13,9,13,9,1,0,0,1
13,9,9,4,0,1,1,-1
13,9,4,1,1,-2,-1,3
13,9,1,0,-2,9,3,-13
13,10,13,10,1,0,0,1
13,10,10,3,0,1,1,-1
13,10,3,1,1,-3,-1,4
13,10,1,0,-3,10,4,-13
14,1,14,1,1,0,0,1
14,1,1,0,0,1,1,-14
14,2,14,2,1,0,0,1
14,2,2,0,0,1,1,-7
14,3,14,3,1,0,0,1
14,3,3,2,0,1,1,-4
14,3,2,1,1,-1,-4,5
14,3,1,0,-1,3,5,-14
14,4,14,4,1,0,0,1
14,4,4,2,0,1,1,-3
14,4,2,0,1,-2,-3,7
14,5,14,5,1,0,0,1
14,5,5,4,0,1,1,-2
14,5,4,1,1,-1,-2,3
14,5,1,0,-1,5,3,-14
14,6,14,6,1,0,0,1
14,6,6,2,0,1,1,-2
14,6,2,0,1,-3,-2,7
14,7,14,7,1,0,0,1
14,7,7,0,0,1,1,-2
14,8,14,8,1,0,0,1
14,8,8,6,0,1,1,-1
14,8,6,2,1,-1,-1,2
14,8,2,0,-1,4,2,-7
14,9,14,9,1,0,0,1
14,9,9,5,0,1,1,-1
14,9,5,4,1,-1,-1,2
14,9,4,1,-1,2,2,-3
14,9,1,0,2,-9,-3,14
14,10,14,10,1,0,0,1
14,10,10,4,0,1,1,-1
14,10,4,2,1,-2,-1,3
14,10,2,0,-2,5,3,-7
15,1,15,1,1,0,0,1
15,1,1,0,0,1,1,-15
15,2,15,2,1,0,0,1
15,2,2,1,0,1,1,-7
15,2,1,0,1,-2,-7,15
15,3,15,3,1,0,0,1
15,3,3,0,0,1,1,-5
15,4,15,4,1,0,0,1
15,4,4,3,0,1,1,-3
15,4,3,1,1,-1,-3,4
15,4,1,0,-1,4,4,-15
15,5,15,5,1,0,0,1
15,5,5,0,0,1,1,-3
15,6,15,6,1,0,0,1
15,6,6,3,0,1,1,-2
15,6,3,0,1,-2,-2,5
15,7,15,7,1,0,0,1
15,7,7,1,0,1,1,-2
15,7,1,0,1,-7,-2,15
15,8,15,8,1,0,0,1
15,8,8,7,0,1,1,-1
15,8,7,1,1,-1,-1,2
15,8,1,0,-1,8,2,-15
15,9,15,9,1,0,0,1
15,9,9,6,0,1,1,-1
15,9,6,3,1,-1,-1,2
15,9,3,0,-1,3,2,-5
15,10,15,10,1,0,0,1
15,10,10,5,0,1,1,-1
15,10,5,0,1,-2,-1,3
16,1,16,1,1,0,0,1
16,1,1,0,0,1,1,-16
16,2,16,2,1,0,0,1
16,2,2,0,0,1,1,-8
16,3,16,3,1,0,0,1
16,3,3,1,0,1,1,-5
16,3,1,0,1,-3,-5,16
16,4,16,4,1,0,0,1
16,4,4,0,0,1,1,-4
16,5,16,5,1,0,0,1
16,5,5,1,0,1,1,-3
16,5,1,0,1,-5,-3,16
16,6,16,6,1,0,0,1
16,6,6,4,0,1,1,-2
16,6,4,2,1,-1,-2,3
16,6,2,0,-1,3,3,-8
16,7,16,7,1,0,0,1
16,7,7,2,0,1,1,-2
16,7,2,1,1,-3,-2,7
16,7,1,0,-3,7,7,-16
16,8,16,8,1,0,0,1
16,8,8,0,0,1,1,-2
16,9,16,9,1,0,0,1
16,9,9,7,0,1,1,-1
16,9,7,2,1,-1,-1,2
16,9,2,1,-1,4,2,-7
16,9,1,0,4,-9,-7,16
16,10,16,10,1,0,0,1
16,10,10,6,0,1,1,-1
16,10,6,4,1,-1,-1,2
16,10,4,2,-1,2,2,-3
16,10,2,0,2,-5,-3,8
17,1,17,1,1,0,0,1
17,1,1,0,0,1,1,-17
17,2,17,2,1,0,0,1
17,2,2,1,0,1,1,-8
17,2,1,0,1,-2,-8,17
17,3,17,3,1,0,0,1
17,3,3,2,0,1,1,-5
17,3,2,1,1,-1,-5,6
17,3,1,0,-1,3,6,-17
17,4,17,4,1,0,0,1
17,4,4,1,0,1,1,-4
17,4,1,0,1,-4,-4,17
17,5,17,5,1,0,0,1
17,5,5,2,0,1,1,-3
17,5,2,1,1,-2,-3,7
17,5,1,0,-2,5,7,-17
17,6,17,6,1,0,0,1
17,6,6,5,0,1,1,-2
17,6,5,1,1,-1,-2,3
17,6,1,0,-1,6,3,-17
17,7,17,7,1,0,0,1
17,7,7,3,0,1,1,-2
17,7,3,1,1,-2,-2,5
17,7,1,0,-2,7,5,-17
17,8,17,8,1,0,0,1
17,8,8,1,0,1,1,-2
17,8,1,0,1,-8,-2,17
17,9,17,9,1,0,0,1
17,9,9,8,0,1,1,-1
17,9,8,1,1,-1,-1,2
17,9,1,0,-1,9,2,-17
17,10,17,10,1,0,0,1
17,10,10,7,0,1,1,-1
17,10,7,3,1,-1,-1,2
17,10,3,1,-1,3,2,-5
17,10,1,0,3,-10,-5,17
18,1,18,1,1,0,0,1
18,1,1,0,0,1,1,-18
18,2,18,2,1,0,0,1
18,2,2,0,0,1,1,-9
18,3,18,3,1,0,0,1
18,3,3,0,0,1,1,-6
18,4,18,4,1,0,0,1
18,4,4,2,0,1,1,-4
18,4,2,0,1,-2,-4,9
18,5,18,5,1,0,0,1
18,5,5,3,0,1,1,-3
18,5,3,2,1,-1,-3,4
18,5,2,1,-1,2,4,-7
18,5,1,0,2,-5,-7,18
18,6,18,6,1,0,0,1
18,6,6,0,0,1,1,-3
18,7,18,7,1,0,0,1
18,7,7,4,0,1,1,-2
18,7,4,3,1,-1,-2,3
18,7,3,1,-1,2,3,-5
18,7,1,0,2,-7,-5,18
18,8,18,8,1,0,0,1
18,8,8,2,0,1,1,-2
18,8,2,0,1,-4,-2,9
18,9,18,9,1,0,0,1
18,9,9,0,0,1,1,-2
18,10,18,10,1,0,0,1
18,10,10,8,0,1,1,-1
18,10,8,2,1,-1,-1,2
18,10,2,0,-1,5,2,-9
19,1,19,1,1,0,0,1
19,1,1,0,0,1,1,-19
19,2,19,2,1,0,0,1
19,2,2,1,0,1,1,-9
19,2,1,0,1,-2,-9,19
19,3,19,3,1,0,0,1
19,3,3,1,0,1,1,-6
19,3,1,0,1,-3,-6,19
19,4,19,4,1,0,0,1
19,4,4,3,0,1,1,-4
19,4,3,1,1,-1,-4,5
19,4,1,0,-1,4,5,-19
19,5,19,5,1,0,0,1
19,5,5,4,0,1,1,-3
19,5,4,1,1,-1,-3,4
19,5,1,0,-1,5,4,-19
19,6,19,6,1,0,0,1
19,6,6,1,0,1,1,-3
19,6,1,0,1,-6,-3,19
19,7,19,7,1,0,0,1
19,7,7,5,0,1,1,-2
19,7,5,2,1,-1,-2,3
19,7,2,1,-1,3,3,-8
19,7,1,0,3,-7,-8,19
19,8,19,8,1,0,0,1
19,8,8,3,0,1,1,-2
19,8,3,2,1,-2,-2,5
19,8,2,1,-2,3,5,-7
19,8,1,0,3,-8,-7,19
19,9,19,9,1,0,0,1
19,9,9,1,0,1,1,-2
19,9,1,0,1,-9,-2,19
19,10,19,10,1,0,0,1
19,10,10,9,0,1,1,-1
19,10,9,1,1,-1,-1,2
19,10,1,0,-1,10,2,-19
20,1,20,1,1,0,0,1
20,1,1,0,0,1,1,-20
20,2,20,2,1,0,0,1
20,2,2,0,0,1,1,-10
20,3,20,3,1,0,0,1
20,3,3,2,0,1,1,-6
20,3,2,1,1,-1,-6,7
20,3,1,0,-1,3,7,-20
20,4,20,4,1,0,0,1
20,4,4,0,0,1,1,-5
20,5,20,5,1,0,0,1
20,5,5,0,0,1,1,-4
20,6,20,6,1,0,0,1
20,6,6,2,0,1,1,-3
20,6,2,0,1,-3,-3,10
20,7,20,7,1,0,0,1
20,7,7,6,0,1,1,-2
20,7,6,1,1,-1,-2,3
20,7,1,0,-1,7,3,-20
20,8,20,8,1,0,0,1
20,8,8,4,0,1,1,-2
20,8,4,0,1,-2,-2,5
20,9,20,9,1,0,0,1
20,9,9,2,0,1,1,-2
20,9,2,1,1,-4,-2,9
20,9,1,0,-4,9,9,-20
20,10,20,10,1,0,0,1
20,10,10,0,0,1,1,-2
21,1,21,1,1,0,0,1
21,1,1,0,0,1,1,-21
21,2,21,2,1,0,0,1
21,2,2,1,0,1,1,-10
21,2,1,0,1,-2,-10,21
21,3,21,3,1,0,0,1
21,3,3,0,0,1,1,-7
21,4,21,4,1,0,0,1
21,4,4,1,0,1,1,-5
21,4,1,0,1,-4,-5,21
21,5,21,5,1,0,0,1
21,5,5,1,0,1,1,-4
21,5,1,0,1,-5,-4,21
21,6,21,6,1,0,0,1
21,6,6,3,0,1,1,-3
21,6,3,0,1,-2,-3,7
21,7,21,7,1,0,0,1
21,7,7,0,0,1,1,-3
21,8,21,8,1,0,0,1
21,8,8,5,0,1,1,-2
21,8,5,3,1,-1,-2,3
21,8,3,2,-1,2,3,-5
21,8,2,1,2,-3,-5,8
21,8,1,0,-3,8,8,-21
21,9,21,9,1,0,0,1
21,9,9,3,0,1,1,-2
21,9,3,0,1,-3,-2,7
21,10,21,10,1,0,0,1
21,10,10,1,0,1,1,-2
21,10,1,0,1,-10,-2,21
22,1,22,1,1,0,0,1
22,1,1,0,0,1,1,-22
22,2,22,2,1,0,0,1
22,2,2,0,0,1,1,-11
22,3,22,3,1,0,0,1
22,3,3,1,0,1,1,-7
22,3,1,0,1,-3,-7,22
22,4,22,4,1,0,0,1
22,4,4,2,0,1,1,-5
22,4,2,0,1,-2,-5,11
22,5,22,5,1,0,0,1
22,5,5,2,0,1,1,-4
22,5,2,1,1,-2,-4,9
22,5,1,0,-2,5,9,-22
22,6,22,6,1,0,0,1
22,6,6,4,0,1,1,-3
22,6,4,2,1,-1,-3,4
22,6,2,0,-1,3,4,-11
22,7,22,7,1,0,0,1
22,7,7,1,0,1,1,-3
22,7,1,0,1,-7,-3,22
22,8,22,8,1,0,0,1
22,8,8,6,0,1,1,-2
22,8,6,2,1,-1,-2,3
22,8,2,0,-1,4,3,-11
22,9,22,9,1,0,0,1
22,9,9,4,0,1,1,-2
22,9,4,1,1,-2,-2,5
22,9,1,0,-2,9,5,-22
22,10,22,10,1,0,0,1
22,10,10,2,0,1,1,-2
22,10,2,0,1,-5,-2,11
23,1,23,1,1,0,0,1
23,1,1,0,0,1,1,-23
23,2,23,2,1,0,0,1
23,2,2,1,0,1,1,-11
23,2,1,0,1,-2,-11,23
23,3,23,3,1,0,0,1
23,3,3,2,0,1,1,-7
23,3,2,1,1,-1,-7,8
23,3,1,0,-1,3,8,-23
23,4,23,4,1,0,0,1
23,4,4,3,0,1,1,-5
23,4,3,1,1,-1,-5,6
23,4,1,0,-1,4,6,-23
23,5,23,5,1,0,0,1
23,5,5,3,0,1,1,-4
23,5,3,2,1,-1,-4,5
23,5,2,1,-1,2,5,-9
23,5,1,0,2,-5,-9,23
23,6,23,6,1,0,0,1
23,6,6,5,0,1,1,-3
23,6,5,1,1,-1,-3,4
23,6,1,0,-1,6,4,-23
23,7,23,7,1,0,0,1
23,7,7,2,0,1,1,-3
23,7,2,1,1,-3,-3,10
23,7,1,0,-3,7,10,-23
23,8,23,8,1,0,0,1
23,8,8,7,0,1,1,-2
23,8,7,1,1,-1,-2,3
23,8,1,0,-1,8,3,-23
23,9,23,9,1,0,0,1
23,9,9,5,0,1,1,-2
23,9,5,4,1,-1,-2,3
23,9,4,1,-1,2,3,-5
23,9,1,0,2,-9,-5,23
23,10,23,10,1,0,0,1
23,10,10,3,0,1,1,-2
23,10,3,1,1,-3,-2,7
23,10,1,0,-3,10,7,-23
24,1,24,1,1,0,0,1
24,1,1,0,0,1,1,-24
24,2,24,2,1,0,0,1
24,2,2,0,0,1,1,-12
24,3,24,3,1,0,0,1
24,3,3,0,0,1,1,-8
24,4,24,4,1,0,0,1
24,4,4,0,0,1,1,-6
24,5,24,5,1,0,0,1
24,5,5,4,0,1,1,-4
24,5,4,1,1,-1,-4,5
24,5,1,0,-1,5,5,-24
24,6,24,6,1,0,0,1
24,6,6,0,0,1,1,-4
24,7,24,7,1,0,0,1
24,7,7,3,0,1,1,-3
24,7,3,1,1,-2,-3,7
24,7,1,0,-2,7,7,-24
24,8,24,8,1,0,0,1
24,8,8,0,0,1,1,-3
24,9,24,9,1,0,0,1
24,9,9,6,0,1,1,-2
24,9,6,3,1,-1,-2,3
24,9,3,0,-1,3,3,-8
24,10,24,10,1,0,0,1
24,10,10,4,0,1,1,-2
24,10,4,2,1,-2,-2,5
24,10,2,0,-2,5,5,-12
25,1,25,1,1,0,0,1
25,1,1,0,0,1,1,-25
25,2,25,2,1,0,0,1
25,2,2,1,0,1,1,-12
25,2,1,0,1,-2,-12,25
25,3,25,3,1,0,0,1
25,3,3,1,0,1,1,-8
25,3,1,0,1,-3,-8,25
25,4,25,4,1,0,0,1
25,4,4,1,0,1,1,-6
25,4,1,0,1,-4,-6,25
25,5,25,5,1,0,0,1
25,5,5,0,0,1,1,-5
25,6,25,6,1,0,0,1
25,6,6,1,0,1,1,-4
25,6,1,0,1,-6,-4,25
25,7,25,7,1,0,0,1
25,7,7,4,0,1,1,-3
25,7,4,3,1,-1,-3,4
25,7,3,1,-1,2,4,-7
25,7,1,0,2,-7,-7,25
25,8,25,8,1,0,0,1
25,8,8,1,0,1,1,-3
25,8,1,0,1,-8,-3,25
25,9,25,9,1,0,0,1
25,9,9,7,0,1,1,-2
25,9,7,2,1,-1,-2,3
25,9,2,1,-1,4,3,-11
25,9,1,0,4,-9,-11,25
25,10,25,10,1,0,0,1
25,10,10,5,0,1,1,-2
25,10,5,0,1,-2,-2,5
26,1,26,1,1,0,0,1
26,1,1,0,0,1,1,-26
26,2,26,2,1,0,0,1
26,2,2,0,0,1,1,-13
26,3,26,3,1,0,0,1
26,3,3,2,0,1,1,-8
26,3,2,1,1,-1,-8,9
26,3,1,0,-1,3,9,-26
26,4,26,4,1,0,0,1
26,4,4,2,0,1,1,-6
26,4,2,0,1,-2,-6,13
26,5,26,5,1,0,0,1
26,5,5,1,0,1,1,-5
26,5,1,0,1,-5,-5,26
26,6,26,6,1,0,0,1
26,6,6,2,0,1,1,-4
26,6,2,0,1,-3,-4,13
26,7,26,7,1,0,0,1
26,7,7,5,0,1,1,-3
26,7,5,2,1,-1,-3,4
26,7,2,1,-1,3,4,-11
26,7,1,0,3,-7,-11,26
26,8,26,8,1,0,0,1
26,8,8,2,0,1,1,-3
26,8,2,0,1,-4,-3,13
26,9,26,9,1,0,0,1
26,9,9,8,0,1,1,-2
26,9,8,1,1,-1,-2,3
26,9,1,0,-1,9,3,-26
26,10,26,10,1,0,0,1
26,10,10,6,0,1,1,-2
26,10,6,4,1,-1,-2,3
26,10,4,2,-1,2,3,-5
26,10,2,0,2,-5,-5,13
27,1,27,1,1,0,0,1
27,1,1,0,0,1,1,-27
27,2,27,2,1,0,0,1
27,2,2,1,0,1,1,-13
27,2,1,0,1,-2,-13,27
27,3,27,3,1,0,0,1
27,3,3,0,0,1,1,-9
27,4,27,4,1,0,0,1
27,4,4,3,0,1,1,-6
27,4,3,1,1,-1,-6,7
27,4,1,0,-1,4,7,-27
27,5,27,5,1,0,0,1
27,5,5,2,0,1,1,-5
27,5,2,1,1,-2,-5,11
27,5,1,0,-2,5,11,-27
27,6,27,6,1,0,0,1
27,6,6,3,0,1,1,-4
27,6,3,0,1,-2,-4,9
27,7,27,7,1,0,0,1
27,7,7,6,0,1,1,-3
27,7,6,1,1,-1,-3,4
27,7,1,0,-1,7,4,-27
27,8,27,8,1,0,0,1
27,8,8,3,0,1,1,-3
27,8,3,2,1,-2,-3,7
27,8,2,1,-2,3,7,-10
27,8,1,0,3,-8,-10,27
27,9,27,9,1,0,0,1
27,9,9,0,0,1,1,-3
27,10,27,10,1,0,0,1
27,10,10,7,0,1,1,-2
27,10,7,3,1,-1,-2,3
27,10,3,1,-1,3,3,-8
27,10,1,0,3,-10,-8,27
28,1,28,1,1,0,0,1
28,1,1,0,0,1,1,-28
28,2,28,2,1,0,0,1
28,2,2,0,0,1,1,-14
28,3,28,3,1,0,0,1
28,3,3,1,0,1,1,-9
28,3,1,0,1,-3,-9,28
28,4,28,4,1,0,0,1
28,4,4,0,0,1,1,-7
28,5,28,5,1,0,0,1
28,5,5,3,0,1,1,-5
28,5,3,2,1,-1,-5,6
28,5,2,1,-1,2,6,-11
28,5,1,0,2,-5,-11,28
28,6,28,6,1,0,0,1
28,6,6,4,0,1,1,-4
28,6,4,2,1,-1,-4,5
28,6,2,0,-1,3,5,-14
28,7,28,7,1,0,0,1
28,7,7,0,0,1,1,-4
28,8,28,8,1,0,0,1
28,8,8,4,0,1,1,-3
28,8,4,0,1,-2,-3,7
28,9,28,9,1,0,0,1
28,9,9,1,0,1,1,-3
28,9,1,0,1,-9,-3,28
28,10,28,10,1,0,0,1
28,10,10,8,0,1,1,-2
28,10,8,2,1,-1,-2,3
28,10,2,0,-1,5,3,-14
29,1,29,1,1,0,0,1
29,1,1,0,0,1,1,-29
29,2,29,2,1,0,0,1
29,2,2,1,0,1,1,-14
29,2,1,0,1,-2,-14,29
29,3,29,3,1,0,0,1
29,3,3,2,0,1,1,-9
29,3,2,1,1,-1,-9,10
29,3,1,0,-1,3,10,-29
29,4,29,4,1,0,0,1
29,4,4,1,0,1,1,-7
29,4,1,0,1,-4,-7,29
29,5,29,5,1,0,0,1
29,5,5,4,0,1,1,-5
29,5,4,1,1,-1,-5,6
29,5,1,0,-1,5,6,-29
29,6,29,6,1,0,0,1
29,6,6,5,0,1,1,-4
29,6,5,1,1,-1,-4,5
29,6,1,0,-1,6,5,-29
29,7,29,7,1,0,0,1
29,7,7,1,0,1,1,-4
29,7,1,0,1,-7,-4,29
29,8,29,8,1,0,0,1
29,8,8,5,0,1,1,-3
29,8,5,3,1,-1,-3,4
29,8,3,2,-1,2,4,-7
29,8,2,1,2,-3,-7,11
29,8,1,0,-3,8,11,-29
29,9,29,9,1,0,0,1
29,9,9,2,0,1,1,-3
29,9,2,1,1,-4,-3,13
29,9,1,0,-4,9,13,-29
29,10,29,10,1,0,0,1
29,10,10,9,0,1,1,-2
29,10,9,1,1,-1,-2,3
29,10,1,0,-1,10,3,-29
30,1,30,1,1,0,0,1
30,1,1,0,0,1,1,-30
30,2,30,2,1,0,0,1
30,2,2,0,0,1,1,-15
30,3,30,3,1,0,0,1
30,3,3,0,0,1,1,-10
30,4,30,4,1,0,0,1
30,4,4,2,0,1,1,-7
30,4,2,0,1,-2,-7,15
30,5,30,5,1,0,0,1
30,5,5,0,0,1,1,-6
30,6,30,6,1,0,0,1
30,6,6,0,0,1,1,-5
30,7,30,7,1,0,0,1
30,7,7,2,0,1,1,-4
30,7,2,1,1,-3,-4,13
30,7,1,0,-3,7,13,-30
30,8,30,8,1,0,0,1
30,8,8,6,0,1,1,-3
30,8,6,2,1,-1,-3,4
30,8,2,0,-1,4,4,-15
30,9,30,9,1,0,0,1
30,9,9,3,0,1,1,-3
30,9,3,0,1,-3,-3,10
30,10,30,10,1,0,0,1
30,10,10,0,0,1,1,-3
31,1,31,1,1,0,0,1
31,1,1,0,0,1,1,-31
31,2,31,2,1,0,0,1
31,2,2,1,0,1,1,-15
31,2,1,0,1,-2,-15,31
31,3,31,3,1,0,0,1
31,3,3,1,0,1,1,-10
31,3,1,0,1,-3,-10,31
31,4,31,4,1,0,0,1
31,4,4,3,0,1,1,-7
31,4,3,1,1,-1,-7,8
31,4,1,0,-1,4,8,-31
31,5,31,5,1,0,0,1
31,5,5,1,0,1,1,-6
31,5,1,0,1,-5,-6,31
31,6,31,6,1,0,0,1
31,6,6,1,0,1,1,-5
31,6,1,0,1,-6,-5,31
31,7,31,7,1,0,0,1
31,7,7,3,0,1,1,-4
31,7,3,1,1,-2,-4,9
31,7,1,0,-2,7,9,-31
31,8,31,8,1,0,0,1
31,8,8,7,0,1,1,-3
31,8,7,1,1,-1,-3,4
31,8,1,0,-1,8,4,-31
31,9,31,9,1,0,0,1
31,9,9,4,0,1,1,-3
31,9,4,1,1,-2,-3,7
31,9,1,0,-2,9,7,-31
31,10,31,10,1,0,0,1
31,10,10,1,0,1,1,-3
31,10,1,0,1,-10,-3,31
32,1,32,1,1,0,0,1
32,1,1,0,0,1,1,-32
32,2,32,2,1,0,0,1
32,2,2,0,0,1,1,-16
32,3,32,3,1,0,0,1
32,3,3,2,0,1,1,-10
32,3,2,1,1,-1,-10,11
32,3,1,0,-1,3,11,-32
32,4,32,4,1,0,0,1
32,4,4,0,0,1,1,-8
32,5,32,5,1,0,0,1
32,5,5,2,0,1,1,-6
32,5,2,1,1,-2,-6,13
32,5,1,0,-2,5,13,-32
32,6,32,6,1,0,0,1
32,6,6,2,0,1,1,-5
32,6,2,0,1,-3,-5,16
32,7,32,7,1,0,0,1
32,7,7,4,0,1,1,-4
32,7,4,3,1,-1,-4,5
32,7,3,1,-1,2,5,-9
32,7,1,0,2,-7,-9,32
32,8,32,8,1,0,0,1
32,8,8,0,0,1,1,-4
32,9,32,9,1,0,0,1
32,9,9,5,0,1,1,-3
32,9,5,4,1,-1,-3,4
32,9,4,1,-1,2,4,-7
32,9,1,0,2,-9,-7,32
32,10,32,10,1,0,0,1
32,10,10,2,0,1,1,-3
32,10,2,0,1,-5,-3,16
33,1,33,1,1,0,0,1
33,1,1,0,0,1,1,-33
33,2,33,2,1,0,0,1
33,2,2,1,0,1,1,-16
33,2,1,0,1,-2,-16,33
33,3,33,3,1,0,0,1
33,3,3,0,0,1,1,-11
33,4,33,4,1,0,0,1
33,4,4,1,0,1,1,-8
33,4,1,0,1,-4,-8,33
33,5,33,5,1,0,0,1
33,5,5,3,0,1,1,-6
33,5,3,2,1,-1,-6,7
33,5,2,1,-1,2,7,-13
33,5,1,0,2,-5,-13,33
33,6,33,6,1,0,0,1
33,6,6,3,0,1,1,-5
33,6,3,0,1,-2,-5,11
33,7,33,7,1,0,0,1
33,7,7,5,0,1,1,-4
33,7,5,2,1,-1,-4,5
33,7,2,1,-1,3,5,-14
33,7,1,0,3,-7,-14,33
33,8,33,8,1,0,0,1
33,8,8,1,0,1,1,-4
33,8,1,0,1,-8,-4,33
33,9,33,9,1,0,0,1
33,9,9,6,0,1,1,-3
33,9,6,3,1,-1,-3,4
33,9,3,0,-1,3,4,-11
33,10,33,10,1,0,0,1
33,10,10,3,0,1,1,-3
33,10,3,1,1,-3,-3,10
33,10,1,0,-3,10,10,-33
34,1,34,1,1,0,0,1
34,1,1,0,0,1,1,-34
34,2,34,2,1,0,0,1
34,2,2,0,0,1,1,-17
34,3,34,3,1,0,0,1
34,3,3,1,0,1,1,-11
34,3,1,0,1,-3,-11,34
34,4,34,4,1,0,0,1
34,4,4,2,0,1,1,-8
34,4,2,0,1,-2,-8,17
34,5,34,5,1,0,0,1
34,5,5,4,0,1,1,-6
34,5,4,1,1,-1,-6,7
34,5,1,0,-1,5,7,-34
34,6,34,6,1,0,0,1
34,6,6,4,0,1,1,-5
34,6,4,2,1,-1,-5,6
34,6,2,0,-1,3,6,-17
34,7,34,7,1,0,0,1
34,7,7,6,0,1,1,-4
34,7,6,1,1,-1,-4,5
34,7,1,0,-1,7,5,-34
34,8,34,8,1,0,0,1
34,8,8,2,0,1,1,-4
34,8,2,0,1,-4,-4,17
34,9,34,9,1,0,0,1
34,9,9,7,0,1,1,-3
34,9,7,2,1,-1,-3,4
34,9,2,1,-1,4,4,-15
34,9,1,0,4,-9,-15,34
34,10,34,10,1,0,0,1
34,10,10,4,0,1,1,-3
34,10,4,2,1,-2,-3,7
34,10,2,0,-2,5,7,-17
35,1,35,1,1,0,0,1
35,1,1,0,0,1,1,-35
35,2,35,2,1,0,0,1
35,2,2,1,0,1,1,-17
35,2,1,0,1,-2,-17,35
35,3,35,3,1,0,0,1
35,3,3,2,0,1,1,-11
35,3,2,1,1,-1,-11,12
35,3,1,0,-1,3,12,-35
35,4,35,4,1,0,0,1
35,4,4,3,0,1,1,-8
35,4,3,1,1,-1,-8,9
35,4,1,0,-1,4,9,-35
35,5,35,5,1,0,0,1
35,5,5,0,0,1,1,-7
35,6,35,6,1,0,0,1
35,6,6,5,0,1,1,-5
35,6,5,1,1,-1,-5,6
35,6,1,0,-1,6,6,-35
35,7,35,7,1,0,0,1
35,7,7,0,0,1,1,-5
35,8,35,8,1,0,0,1
35,8,8,3,0,1,1,-4
35,8,3,2,1,-2,-4,9
35,8,2,1,-2,3,9,-13
35,8,1,0,3,-8,-13,35
35,9,35,9,1,0,0,1
35,9,9,8,0,1,1,-3
35,9,8,1,1,-1,-3,4
35,9,1,0,-1,9,4,-35
35,10,35,10,1,0,0,1
35,10,10,5,0,1,1,-3
35,10,5,0,1,-2,-3,7
36,1,36,1,1,0,0,1
36,1,1,0,0,1,1,-36
36,2,36,2,1,0,0,1
36,2,2,0,0,1,1,-18
36,3,36,3,1,0,0,1
36,3,3,0,0,1,1,-12
36,4,36,4,1,0,0,1
36,4,4,0,0,1,1,-9
36,5,36,5,1,0,0,1
36,5,5,1,0,1,1,-7
36,5,1,0,1,-5,-7,36
36,6,36,6,1,0,0,1
36,6,6,0,0,1,1,-6
36,7,36,7,1,0,0,1
36,7,7,1,0,1,1,-5
36,7,1,0,1,-7,-5,36
36,8,36,8,1,0,0,1
36,8,8,4,0,1,1,-4
36,8,4,0,1,-2,-4,9
36,9,36,9,1,0,0,1
36,9,9,0,0,1,1,-4
36,10,36,10,1,0,0,1
36,10,10,6,0,1,1,-3
36,10,6,4,1,-1,-3,4
36,10,4,2,-1,2,4,-7
36,10,2,0,2,-5,-7,18
37,1,37,1,1,0,0,1
37,1,1,0,0,1,1,-37
37,2,37,2,1,0,0,1
37,2,2,1,0,1,1,-18
37,2,1,0,1,-2,-18,37
37,3,37,3,1,0,0,1
37,3,3,1,0,1,1,-12
37,3,1,0,1,-3,-12,37
37,4,37,4,1,0,0,1
37,4,4,1,0,1,1,-9
37,4,1,0,1,-4,-9,37
37,5,37,5,1,0,0,1
37,5,5,2,0,1,1,-7
37,5,2,1,1,-2,-7,15
37,5,1,0,-2,5,15,-37
37,6,37,6,1,0,0,1
37,6,6,1,0,1,1,-6
37,6,1,0,1,-6,-6,37
37,7,37,7,1,0,0,1
37,7,7,2,0,1,1,-5
37,7,2,1,1,-3,-5,16
37,7,1,0,-3,7,16,-37
37,8,37,8,1,0,0,1
37,8,8,5,0,1,1,-4
37,8,5,3,1,-1,-4,5
37,8,3,2,-1,2,5,-9
37,8,2,1,2,-3,-9,14
37,8,1,0,-3,8,14,-37
37,9,37,9,1,0,0,1
37,9,9,1,0,1,1,-4
37,9,1,0,1,-9,-4,37
37,10,37,10,1,0,0,1
37,10,10,7,0,1,1,-3
37,10,7,3,1,-1,-3,4
37,10,3,1,-1,3,4,-11
37,10,1,0,3,-10,-11,37
38,1,38,1,1,0,0,1
38,1,1,0,0,1,1,-38
38,2,38,2,1,0,0,1
38,2,2,0,0,1,1,-19
38,3,38,3,1,0,0,1
38,3,3,2,0,1,1,-12
38,3,2,1,1,-1,-12,13
38,3,1,0,-1,3,13,-38
38,4,38,4,1,0,0,1
38,4,4,2,0,1,1,-9
38,4,2,0,1,-2,-9,19
38,5,38,5,1,0,0,1
38,5,5,3,0,1,1,-7
38,5,3,2,1,-1,-7,8
38,5,2,1,-1,2,8,-15
38,5,1,0,2,-5,-15,38
38,6,38,6,1,0,0,1
38,6,6,2,0,1,1,-6
38,6,2,0,1,-3,-6,19
38,7,38,7,1,0,0,1
38,7,7,3,0,1,1,-5
38,7,3,1,1,-2,-5,11
38,7,1,0,-2,7,11,-38
38,8,38,8,1,0,0,1
38,8,8,6,0,1,1,-4
38,8,6,2,1,-1,-4,5
38,8,2,0,-1,4,5,-19
38,9,38,9,1,0,0,1
38,9,9,2,0,1,1,-4
38,9,2,1,1,-4,-4,17
38,9,1,0,-4,9,17,-38
38,10,38,10,1,0,0,1
38,10,10,8,0,1,1,-3
38,10,8,2,1,-1,-3,4
38,10,2,0,-1,5,4,-19
39,1,39,1,1,0,0,1
39,1,1,0,0,1,1,-39
39,2,39,2,1,0,0,1
39,2,2,1,0,1,1,-19
39,2,1,0,1,-2,-19,39
39,3,39,3,1,0,0,1
39,3,3,0,0,1,1,-13
39,4,39,4,1,0,0,1
39,4,4,3,0,1,1,-9
39,4,3,1,1,-1,-9,10
39,4,1,0,-1,4,10,-39
39,5,39,5,1,0,0,1
39,5,5,4,0,1,1,-7
39,5,4,1,1,-1,-7,8
39,5,1,0,-1,5,8,-39
39,6,39,6,1,0,0,1
39,6,6,3,0,1,1,-6
39,6,3,0,1,-2,-6,13
39,7,39,7,1,0,0,1
39,7,7,4,0,1,1,-5
39,7,4,3,1,-1,-5,6
39,7,3,1,-1,2,6,-11
39,7,1,0,2,-7,-11,39
39,8,39,8,1,0,0,1
39,8,8,7,0,1,1,-4
39,8,7,1,1,-1,-4,5
39,8,1,0,-1,8,5,-39
39,9,39,9,1,0,0,1
39,9,9,3,0,1,1,-4
39,9,3,0,1,-3,-4,13
39,10,39,10,1,0,0,1
39,10,10,9,0,1,1,-3
39,10,9,1,1,-1,-3,4
39,10,1,0,-1,10,4,-39
40,1,40,1,1,0,0,1
40,1,1,0,0,1,1,-40
40,2,40,2,1,0,0,1
40,2,2,0,0,1,1,-20
40,3,40,3,1,0,0,1
40,3,3,1,0,1,1,-13
40,3,1,0,1,-3,-13,40
40,4,40,4,1,0,0,1
40,4,4,0,0,1,1,-10
40,5,40,5,1,0,0,1
40,5,5,0,0,1,1,-8
40,6,40,6,1,0,0,1
40,6,6,4,0,1,1,-6
40,6,4,2,1,-1,-6,7
40,6,2,0,-1,3,7,-20
40,7,40,7,1,0,0,1
40,7,7,5,0,1,1,-5
40,7,5,2,1,-1,-5,6
40,7,2,1,-1,3,6,-17
40,7,1,0,3,-7,-17,40
40,8,40,8,1,0,0,1
40,8,8,0,0,1,1,-5
40,9,40,9,1,0,0,1
40,9,9,4,0,1,1,-4
40,9,4,1,1,-2,-4,9
40,9,1,0,-2,9,9,-40
40,10,40,10,1,0,0,1
40,10,10,0,0,1,1,-4
41,1,41,1,1,0,0,1
41,1,1,0,0,1,1,-41
41,2,41,2,1,0,0,1
41,2,2,1,0,1,1,-20
41,2,1,0,1,-2,-20,41
41,3,41,3,1,0,0,1
41,3,3,2,0,1,1,-13
41,3,2,1,1,-1,-13,14
41,3,1,0,-1,3,14,-41
41,4,41,4,1,0,0,1
41,4,4,1,0,1,1,-10
41,4,1,0,1,-4,-10,41
41,5,41,5,1,0,0,1
41,5,5,1,0,1,1,-8
41,5,1,0,1,-5,-8,41
41,6,41,6,1,0,0,1
41,6,6,5,0,1,1,-6
41,6,5,1,1,-1,-6,7
41,6,1,0,-1,6,7,-41
41,7,41,7,1,0,0,1
41,7,7,6,0,1,1,-5
41,7,6,1,1,-1,-5,6
41,7,1,0,-1,7,6,-41
41,8,41,8,1,0,0,1
41,8,8,1,0,1,1,-5
41,8,1,0,1,-8,-5,41
41,9,41,9,1,0,0,1
41,9,9,5,0,1,1,-4
41,9,5,4,1,-1,-4,5
41,9,4,1,-1,2,5,-9
41,9,1,0,2,-9,-9,41
41,10,41,10,1,0,0,1
41,10,10,1,0,1,1,-4
41,10,1,0,1,-10,-4,41
42,1,42,1,1,0,0,1
42,1,1,0,0,1,1,-42
42,2,42,2,1,0,0,1
42,2,2,0,0,1,1,-21
42,3,42,3,1,0,0,1
42,3,3,0,0,1,1,-14
42,4,42,4,1,0,0,1
42,4,4,2,0,1,1,-10
42,4,2,0,1,-2,-10,21
42,5,42,5,1,0,0,1
42,5,5,2,0,1,1,-8
42,5,2,1,1,-2,-8,17
42,5,1,0,-2,5,17,-42
42,6,42,6,1,0,0,1
42,6,6,0,0,1,1,-7
42,7,42,7,1,0,0,1
42,7,7,0,0,1,1,-6
42,8,42,8,1,0,0,1
42,8,8,2,0,1,1,-5
42,8,2,0,1,-4,-5,21
42,9,42,9,1,0,0,1
42,9,9,6,0,1,1,-4
42,9,6,3,1,-1,-4,5
42,9,3,0,-1,3,5,-14
42,10,42,10,1,0,0,1
42,10,10,2,0,1,1,-4
42,10,2,0,1,-5,-4,21
43,1,43,1,1,0,0,1
43,1,1,0,0,1,1,-43
43,2,43,2,1,0,0,1
43,2,2,1,0,1,1,-21
43,2,1,0,1,-2,-21,43
43,3,43,3,1,0,0,1
43,3,3,1,0,1,1,-14
43,3,1,0,1,-3,-14,43
43,4,43,4,1,0,0,1
43,4,4,3,0,1,1,-10
43,4,3,1,1,-1,-10,11
43,4,1,0,-1,4,11,-43
43,5,43,5,1,0,0,1
43,5,5,3,0,1,1,-8
43,5,3,2,1,-1,-8,9
43,5,2,1,-1,2,9,-17
43,5,1,0,2,-5,-17,43
43,6,43,6,1,0,0,1
43,6,6,1,0,1,1,-7
43,6,1,0,1,-6,-7,43
43,7,43,7,1,0,0,1
43,7,7,1,0,1,1,-6
43,7,1,0,1,-7,-6,43
43,8,43,8,1,0,0,1
43,8,8,3,0,1,1,-5
43,8,3,2,1,-2,-5,11
43,8,2,1,-2,3,11,-16
43,8,1,0,3,-8,-16,43
43,9,43,9,1,0,0,1
43,9,9,7,0,1,1,-4
43,9,7,2,1,-1,-4,5
43,9,2,1,-1,4,5,-19
43,9,1,0,4,-9,-19,43
43,10,43,10,1,0,0,1
43,10,10,3,0,1,1,-4
43,10,3,1,1,-3,-4,13
43,10,1,0,-3,10,13,-43
44,1,44,1,1,0,0,1
44,1,1,0,0,1,1,-44
44,2,44,2,1,0,0,1
44,2,2,0,0,1,1,-22
44,3,44,3,1,0,0,1
44,3,3,2,0,1,1,-14
44,3,2,1,1,-1,-14,15
44,3,1,0,-1,3,15,-44
44,4,44,4,1,0,0,1
44,4,4,0,0,1,1,-11
44,5,44,5,1,0,0,1
44,5,5,4,0,1,1,-8
44,5,4,1,1,-1,-8,9
44,5,1,0,-1,5,9,-44
44,6,44,6,1,0,0,1
44,6,6,2,0,1,1,-7
44,6,2,0,1,-3,-7,22
44,7,44,7,1,0,0,1
44,7,7,2,0,1,1,-6
44,7,2,1,1,-3,-6,19
44,7,1,0,-3,7,19,-44
44,8,44,8,1,0,0,1
44,8,8,4,0,1,1,-5
44,8,4,0,1,-2,-5,11
44,9,44,9,1,0,0,1
44,9,9,8,0,1,1,-4
44,9,8,1,1,-1,-4,5
44,9,1,0,-1,9,5,-44
44,10,44,10,1,0,0,1
44,10,10,4,0,1,1,-4
44,10,4,2,1,-2,-4,9
44,10,2,0,-2,5,9,-22
45,1,45,1,1,0,0,1
45,1,1,0,0,1,1,-45
45,2,45,2,1,0,0,1
45,2,2,1,0,1,1,-22
45,2,1,0,1,-2,-22,45
45,3,45,3,1,0,0,1
45,3,3,0,0,1,1,-15
45,4,45,4,1,0,0,1
45,4,4,1,0,1,1,-11
45,4,1,0,1,-4,-11,45
45,5,45,5,1,0,0,1
45,5,5,0,0,1,1,-9
45,6,45,6,1,0,0,1
45,6,6,3,0,1,1,-7
45,6,3,0,1,-2,-7,15
45,7,45,7,1,0,0,1
45,7,7,3,0,1,1,-6
45,7,3,1,1,-2,-6,13
45,7,1,0,-2,7,13,-45
45,8,45,8,1,0,0,1
45,8,8,5,0,1,1,-5
45,8,5,3,1,-1,-5,6
45,8,3,2,-1,2,6,-11
45,8,2,1,2,-3,-11,17
45,8,1,0,-3,8,17,-45
45,9,45,9,1,0,0,1
45,9,9,0,0,1,1,-5
45,10,45,10,1,0,0,1
45,10,10,5,0,1,1,-4
45,10,5,0,1,-2,-4,9
46,1,46,1,1,0,0,1
46,1,1,0,0,1,1,-46
46,2,46,2,1,0,0,1
46,2,2,0,0,1,1,-23
46,3,46,3,1,0,0,1
46,3,3,1,0,1,1,-15
46,3,1,0,1,-3,-15,46
46,4,46,4,1,0,0,1
46,4,4,2,0,1,1,-11
46,4,2,0,1,-2,-11,23
46,5,46,5,1,0,0,1
46,5,5,1,0,1,1,-9
46,5,1,0,1,-5,-9,46
46,6,46,6,1,0,0,1
46,6,6,4,0,1,1,-7
46,6,4,2,1,-1,-7,8
46,6,2,0,-1,3,8,-23
46,7,46,7,1,0,0,1
46,7,7,4,0,1,1,-6
46,7,4,3,1,-1,-6,7
46,7,3,1,-1,2,7,-13
46,7,1,0,2,-7,-13,46
46,8,46,8,1,0,0,1
46,8,8,6,0,1,1,-5
46,8,6,2,1,-1,-5,6
46,8,2,0,-1,4,6,-23
46,9,46,9,1,0,0,1
46,9,9,1,0,1,1,-5
46,9,1,0,1,-9,-5,46
46,10,46,10,1,0,0,1
46,10,10,6,0,1,1,-4
46,10,6,4,1,-1,-4,5
46,10,4,2,-1,2,5,-9
46,10,2,0,2,-5,-9,23
47,1,47,1,1,0,0,1
47,1,1,0,0,1,1,-47
47,2,47,2,1,0,0,1
47,2,2,1,0,1,1,-23
47,2,1,0,1,-2,-23,47
47,3,47,3,1,0,0,1
47,3,3,2,0,1,1,-15
47,3,2,1,1,-1,-15,16
47,3,1,0,-1,3,16,-47
47,4,47,4,1,0,0,1
47,4,4,3,0,1,1,-11
47,4,3,1,1,-1,-11,12
47,4,1,0,-1,4,12,-47
47,5,47,5,1,0,0,1
47,5,5,2,0,1,1,-9
47,5,2,1,1,-2,-9,19
47,5,1,0,-2,5,19,-47
47,6,47,6,1,0,0,1
47,6,6,5,0,1,1,-7
47,6,5,1,1,-1,-7,8
47,6,1,0,-1,6,8,-47
47,7,47,7,1,0,0,1
47,7,7,5,0,1,1,-6
47,7,5,2,1,-1,-6,7
47,7,2,1,-1,3,7,-20
47,7,1,0,3,-7,-20,47
47,8,47,8,1,0,0,1
47,8,8,7,0,1,1,-5
47,8,7,1,1,-1,-5,6
47,8,1,0,-1,8,6,-47
47,9,47,9,1,0,0,1
47,9,9,2,0,1,1,-5
47,9,2,1,1,-4,-5,21
47,9,1,0,-4,9,21,-47
47,10,47,10,1,0,0,1
47,10,10,7,0,1,1,-4
47,10,7,3,1,-1,-4,5
47,10,3,1,-1,3,5,-14
47,10,1,0,3,-10,-14,47
48,1,48,1,1,0,0,1
48,1,1,0,0,1,1,-48
48,2,48,2,1,0,0,1
48,2,2,0,0,1,1,-24
48,3,48,3,1,0,0,1
48,3,3,0,0,1,1,-16
48,4,48,4,1,0,0,1
48,4,4,0,0,1,1,-12
48,5,48,5,1,0,0,1
48,5,5,3,0,1,1,-9
48,5,3,2,1,-1,-9,10
48,5,2,1,-1,2,10,-19
48,5,1,0,2,-5,-19,48
48,6,48,6,1,0,0,1
48,6,6,0,0,1,1,-8
48,7,48,7,1,0,0,1
48,7,7,6,0,1,1,-6
48,7,6,1,1,-1,-6,7
48,7,1,0,-1,7,7,-48
48,8,48,8,1,0,0,1
48,8,8,0,0,1,1,-6
48,9,48,9,1,0,0,1
48,9,9,3,0,1,1,-5
48,9,3,0,1,-3,-5,16
48,10,48,10,1,0,0,1
48,10,10,8,0,1,1,-4
48,10,8,2,1,-1,-4,5
48,10,2,0,-1,5,5,-24
49,1,49,1,1,0,0,1
49,1,1,0,0,1,1,-49
49,2,49,2,1,0,0,1
49,2,2,1,0,1,1,-24
49,2,1,0,1,-2,-24,49
49,3,49,3,1,0,0,1
49,3,3,1,0,1,1,-16
49,3,1,0,1,-3,-16,49
49,4,49,4,1,0,0,1
49,4,4,1,0,1,1,-12
49,4,1,0,1,-4,-12,49
49,5,49,5,1,0,0,1
49,5,5,4,0,1,1,-9
49,5,4,1,1,-1,-9,10
49,5,1,0,-1,5,10,-49
49,6,49,6,1,0,0,1
49,6,6,1,0,1,1,-8
49,6,1,0,1,-6,-8,49
49,7,49,7,1,0,0,1
49,7,7,0,0,1,1,-7
49,8,49,8,1,0,0,1
49,8,8,1,0,1,1,-6
49,8,1,0,1,-8,-6,49
49,9,49,9,1,0,0,1
49,9,9,4,0,1,1,-5
49,9,4,1,1,-2,-5,11
49,9,1,0,-2,9,11,-49
49,10,49,10,1,0,0,1
49,10,10,9,0,1,1,-4
49,10,9,1,1,-1,-4,5
49,10,1,0,-1,10,5,-49
50,1,50,1,1,0,0,1
50,1,1,0,0,1,1,-50
50,2,50,2,1,0,0,1
50,2,2,0,0,1,1,-25
50,3,50,3,1,0,0,1
50,3,3,2,0,1,1,-16
50,3,2,1,1,-1,-16,17
50,3,1,0,-1,3,17,-50
50,4,50,4,1,0,0,1
50,4,4,2,0,1,1,-12
50,4,2,0,1,-2,-12,25
50,5,50,5,1,0,0,1
50,5,5,0,0,1,1,-10
50,6,50,6,1,0,0,1
50,6,6,2,0,1,1,-8
50,6,2,0,1,-3,-8,25
50,7,50,7,1,0,0,1
50,7,7,1,0,1,1,-7
50,7,1,0,1,-7,-7,50
50,8,50,8,1,0,0,1
50,8,8,2,0,1,1,-6
50,8,2,0,1,-4,-6,25
50,9,50,9,1,0,0,1
50,9,9,5,0,1,1,-5
50,9,5,4,1,-1,-5,6
50,9,4,1,-1,2,6,-11
50,9,1,0,2,-9,-11,50
50,10,50,10,1,0,0,1
50,10,10,0,0,1,1,-5
51,1,51,1,1,0,0,1
51,1,1,0,0,1,1,-51
51,2,51,2,1,0,0,1
51,2,2,1,0,1,1,-25
51,2,1,0,1,-2,-25,51
51,3,51,3,1,0,0,1
51,3,3,0,0,1,1,-17
51,4,51,4,1,0,0,1
51,4,4,3,0,1,1,-12
51,4,3,1,1,-1,-12,13
51,4,1,0,-1,4,13,-51
51,5,51,5,1,0,0,1
51,5,5,1,0,1,1,-10
51,5,1,0,1,-5,-10,51
51,6,51,6,1,0,0,1
51,6,6,3,0,1,1,-8
51,6,3,0,1,-2,-8,17
51,7,51,7,1,0,0,1
51,7,7,2,0,1,1,-7
51,7,2,1,1,-3,-7,22
51,7,1,0,-3,7,22,-51
51,8,51,8,1,0,0,1
51,8,8,3,0,1,1,-6
51,8,3,2,1,-2,-6,13
51,8,2,1,-2,3,13,-19
51,8,1,0,3,-8,-19,51
51,9,51,9,1,0,0,1
51,9,9,6,0,1,1,-5
51,9,6,3,1,-1,-5,6
51,9,3,0,-1,3,6,-17
51,10,51,10,1,0,0,1
51,10,10,1,0,1,1,-5
51,10,1,0,1,-10,-5,51
52,1,52,1,1,0,0,1
52,1,1,0,0,1,1,-52
52,2,52,2,1,0,0,1
52,2,2,0,0,1,1,-26
52,3,52,3,1,0,0,1
52,3,3,1,0,1,1,-17
52,3,1,0,1,-3,-17,52
52,4,52,4,1,0,0,1
52,4,4,0,0,1,1,-13
52,5,52,5,1,0,0,1
52,5,5,2,0,1,1,-10
52,5,2,1,1,-2,-10,21
52,5,1,0,-2,5,21,-52
52,6,52,6,1,0,0,1
52,6,6,4,0,1,1,-8
52,6,4,2,1,-1,-8,9
52,6,2,0,-1,3,9,-26
52,7,52,7,1,0,0,1
52,7,7,3,0,1,1,-7
52,7,3,1,1,-2,-7,15
52,7,1,0,-2,7,15,-52
52,8,52,8,1,0,0,1
52,8,8,4,0,1,1,-6
52,8,4,0,1,-2,-6,13
52,9,52,9,1,0,0,1
52,9,9,7,0,1,1,-5
52,9,7,2,1,-1,-5,6
52,9,2,1,-1,4,6,-23
52,9,1,0,4,-9,-23,52
52,10,52,10,1,0,0,1
52,10,10,2,0,1,1,-5
52,10,2,0,1,-5,-5,26
53,1,53,1,1,0,0,1
53,1,1,0,0,1,1,-53
53,2,53,2,1,0,0,1
53,2,2,1,0,1,1,-26
53,2,1,0,1,-2,-26,53
53,3,53,3,1,0,0,1
53,3,3,2,0,1,1,-17
53,3,2,1,1,-1,-17,18
53,3,1,0,-1,3,18,-53
53,4,53,4,1,0,0,1
53,4,4,1,0,1,1,-13
53,4,1,0,1,-4,-13,53
53,5,53,5,1,0,0,1
53,5,5,3,0,1,1,-10
53,5,3,2,1,-1,-10,11
53,5,2,1,-1,2,11,-21
53,5,1,0,2,-5,-21,53
53,6,53,6,1,0,0,1
53,6,6,5,0,1,1,-8
53,6,5,1,1,-1,-8,9
53,6,1,0,-1,6,9,-53
53,7,53,7,1,0,0,1
53,7,7,4,0,1,1,-7
53,7,4,3,1,-1,-7,8
53,7,3,1,-1,2,8,-15
53,7,1,0,2,-7,-15,53
53,8,53,8,1,0,0,1
53,8,8,5,0,1,1,-6
53,8,5,3,1,-1,-6,7
53,8,3,2,-1,2,7,-13
53,8,2,1,2,-3,-13,20
53,8,1,0,-3,8,20,-53
53,9,53,9,1,0,0,1
53,9,9,8,0,1,1,-5
53,9,8,1,1,-1,-5,6
53,9,1,0,-1,9,6,-53
53,10,53,10,1,0,0,1
53,10,10,3,0,1,1,-5
53,10,3,1,1,-3,-5,16
53,10,1,0,-3,10,16,-53
54,1,54,1,1,0,0,1
54,1,1,0,0,1,1,-54
54,2,54,2,1,0,0,1
54,2,2,0,0,1,1,-27
54,3,54,3,1,0,0,1
54,3,3,0,0,1,1,-18
54,4,54,4,1,0,0,1
54,4,4,2,0,1,1,-13
54,4,2,0,1,-2,-13,27
54,5,54,5,1,0,0,1
54,5,5,4,0,1,1,-10
54,5,4,1,1,-1,-10,11
54,5,1,0,-1,5,11,-54
54,6,54,6,1,0,0,1
54,6,6,0,0,1,1,-9
54,7,54,7,1,0,0,1
54,7,7,5,0,1,1,-7
54,7,5,2,1,-1,-7,8
54,7,2,1,-1,3,8,-23
54,7,1,0,3,-7,-23,54
54,8,54,8,1,0,0,1
54,8,8,6,0,1,1,-6
54,8,6,2,1,-1,-6,7
54,8,2,0,-1,4,7,-27
54,9,54,9,1,0,0,1
54,9,9,0,0,1,1,-6
54,10,54,10,1,0,0,1
54,10,10,4,0,1,1,-5
54,10,4,2,1,-2,-5,11
54,10,2,0,-2,5,11,-27
55,1,55,1,1,0,0,1
55,1,1,0,0,1,1,-55
55,2,55,2,1,0,0,1
55,2,2,1,0,1,1,-27
55,2,1,0,1,-2,-27,55
55,3,55,3,1,0,0,1
55,3,3,1,0,1,1,-18
55,3,1,0,1,-3,-18,55
55,4,55,4,1,0,0,1
55,4,4,3,0,1,1,-13
55,4,3,1,1,-1,-13,14
55,4,1,0,-1,4,14,-55
55,5,55,5,1,0,0,1
55,5,5,0,0,1,1,-11
55,6,55,6,1,0,0,1
55,6,6,1,0,1,1,-9
55,6,1,0,1,-6,-9,55
55,7,55,7,1,0,0,1
55,7,7,6,0,1,1,-7
55,7,6,1,1,-1,-7,8
55,7,1,0,-1,7,8,-55
55,8,55,8,1,0,0,1
55,8,8,7,0,1,1,-6
55,8,7,1,1,-1,-6,7
55,8,1,0,-1,8,7,-55
55,9,55,9,1,0,0,1
55,9,9,1,0,1,1,-6
55,9,1,0,1,-9,-6,55
55,10,55,10,1,0,0,1
55,10,10,5,0,1,1,-5
55,10,5,0,1,-2,-5,11
56,1,56,1,1,0,0,1
56,1,1,0,0,1,1,-56
56,2,56,2,1,0,0,1
56,2,2,0,0,1,1,-28
56,3,56,3,1,0,0,1
56,3,3,2,0,1,1,-18
56,3,2,1,1,-1,-18,19
56,3,1,0,-1,3,19,-56
56,4,56,4,1,0,0,1
56,4,4,0,0,1,1,-14
56,5,56,5,1,0,0,1
56,5,5,1,0,1,1,-11
56,5,1,0,1,-5,-11,56
56,6,56,6,1,0,0,1
56,6,6,2,0,1,1,-9
56,6,2,0,1,-3,-9,28
56,7,56,7,1,0,0,1
56,7,7,0,0,1,1,-8
56,8,56,8,1,0,0,1
56,8,8,0,0,1,1,-7
56,9,56,9,1,0,0,1
56,9,9,2,0,1,1,-6
56,9,2,1,1,-4,-6,25
56,9,1,0,-4,9,25,-56
56,10,56,10,1,0,0,1
56,10,10,6,0,1,1,-5
56,10,6,4,1,-1,-5,6
56,10,4,2,-1,2,6,-11
56,10,2,0,2,-5,-11,28
57,1,57,1,1,0,0,1
57,1,1,0,0,1,1,-57
57,2,57,2,1,0,0,1
57,2,2,1,0,1,1,-28
57,2,1,0,1,-2,-28,57
57,3,57,3,1,0,0,1
57,3,3,0,0,1,1,-19
57,4,57,4,1,0,0,1
57,4,4,1,0,1,1,-14
57,4,1,0,1,-4,-14,57
57,5,57,5,1,0,0,1
57,5,5,2,0,1,1,-11
57,5,2,1,1,-2,-11,23
57,5,1,0,-2,5,23,-57
57,6,57,6,1,0,0,1
57,6,6,3,0,1,1,-9
57,6,3,0,1,-2,-9,19
57,7,57,7,1,0,0,1
57,7,7,1,0,1,1,-8
57,7,1,0,1,-7,-8,57
57,8,57,8,1,0,0,1
57,8,8,1,0,1,1,-7
57,8,1,0,1,-8,-7,57
57,9,57,9,1,0,0,1
57,9,9,3,0,1,1,-6
57,9,3,0,1,-3,-6,19
57,10,57,10,1,0,0,1
57,10,10,7,0,1,1,-5
57,10,7,3,1,-1,-5,6
57,10,3,1,-1,3,6,-17
57,10,1,0,3,-10,-17,57
58,1,58,1,1,0,0,1
58,1,1,0,0,1,1,-58
58,2,58,2,1,0,0,1
58,2,2,0,0,1,1,-29
58,3,58,3,1,0,0,1
58,3,3,1,0,1,1,-19
58,3,1,0,1,-3,-19,58
58,4,58,4,1,0,0,1
58,4,4,2,0,1,1,-14
58,4,2,0,1,-2,-14,29
58,5,58,5,1,0,0,1
58,5,5,3,0,1,1,-11
58,5,3,2,1,-1,-11,12
58,5,2,1,-1,2,12,-23
58,5,1,0,2,-5,-23,58
58,6,58,6,1,0,0,1
58,6,6,4,0,1,1,-9
58,6,4,2,1,-1,-9,10
58,6,2,0,-1,3,10,-29
58,7,58,7,1,0,0,1
58,7,7,2,0,1,1,-8
58,7,2,1,1,-3,-8,25
58,7,1,0,-3,7,25,-58
58,8,58,8,1,0,0,1
58,8,8,2,0,1,1,-7
58,8,2,0,1,-4,-7,29
58,9,58,9,1,0,0,1
58,9,9,4,0,1,1,-6
58,9,4,1,1,-2,-6,13
58,9,1,0,-2,9,13,-58
58,10,58,10,1,0,0,1
58,10,10,8,0,1,1,-5
58,10,8,2,1,-1,-5,6
58,10,2,0,-1,5,6,-29
59,1,59,1,1,0,0,1
59,1,1,0,0,1,1,-59
59,2,59,2,1,0,0,1
59,2,2,1,0,1,1,-29
59,2,1,0,1,-2,-29,59
59,3,59,3,1,0,0,1
59,3,3,2,0,1,1,-19
59,3,2,1,1,-1,-19,20
59,3,1,0,-1,3,20,-59
59,4,59,4,1,0,0,1
59,4,4,3,0,1,1,-14
59,4,3,1,1,-1,-14,15
59,4,1,0,-1,4,15,-59
59,5,59,5,1,0,0,1
59,5,5,4,0,1,1,-11
59,5,4,1,1,-1,-11,12
59,5,1,0,-1,5,12,-59
59,6,59,6,1,0,0,1
59,6,6,5,0,1,1,-9
59,6,5,1,1,-1,-9,10
59,6,1,0,-1,6,10,-59
59,7,59,7,1,0,0,1
59,7,7,3,0,1,1,-8
59,7,3,1,1,-2,-8,17
59,7,1,0,-2,7,17,-59
59,8,59,8,1,0,0,1
59,8,8,3,0,1,1,-7
59,8,3,2,1,-2,-7,15
59,8,2,1,-2,3,15,-22
59,8,1,0,3,-8,-22,59
59,9,59,9,1,0,0,1
59,9,9,5,0,1,1,-6
59,9,5,4,1,-1,-6,7
59,9,4,1,-1,2,7,-13
59,9,1,0,2,-9,-13,59
59,10,59,10,1,0,0,1
59,10,10,9,0,1,1,-5
59,10,9,1,1,-1,-5,6
59,10,1,0,-1,10,6,-59
60,1,60,1,1,0,0,1
60,1,1,0,0,1,1,-60
60,2,60,2,1,0,0,1
60,2,2,0,0,1,1,-30
60,3,60,3,1,0,0,1
60,3,3,0,0,1,1,-20
60,4,60,4,1,0,0,1
60,4,4,0,0,1,1,-15
60,5,60,5,1,0,0,1
60,5,5,0,0,1,1,-12
60,6,60,6,1,0,0,1
60,6,6,0,0,1,1,-10
60,7,60,7,1,0,0,1
60,7,7,4,0,1,1,-8
60,7,4,3,1,-1,-8,9
60,7,3,1,-1,2,9,-17
60,7,1,0,2,-7,-17,60
60,8,60,8,1,0,0,1
60,8,8,4,0,1,1,-7
60,8,4,0,1,-2,-7,15
60,9,60,9,1,0,0,1
60,9,9,6,0,1,1,-6
60,9,6,3,1,-1,-6,7
60,9,3,0,-1,3,7,-20
60,10,60,10,1,0,0,1
60,10,10,0,0,1,1,-6
61,1,61,1,1,0,0,1
61,1,1,0,0,1,1,-61
61,2,61,2,1,0,0,1
61,2,2,1,0,1,1,-30
61,2,1,0,1,-2,-30,61
61,3,61,3,1,0,0,1
61,3,3,1,0,1,1,-20
61,3,1,0,1,-3,-20,61
61,4,61,4,1,0,0,1
61,4,4,1,0,1,1,-15
61,4,1,0,1,-4,-15,61
61,5,61,5,1,0,0,1
61,5,5,1,0,1,1,-12
61,5,1,0,1,-5,-12,61
61,6,61,6,1,0,0,1
61,6,6,1,0,1,1,-10
61,6,1,0,1,-6,-10,61
61,7,61,7,1,0,0,1
61,7,7,5,0,1,1,-8
61,7,5,2,1,-1,-8,9
61,7,2,1,-1,3,9,-26
61,7,1,0,3,-7,-26,61
61,8,61,8,1,0,0,1
61,8,8,5,0,1,1,-7
61,8,5,3,1,-1,-7,8
61,8,3,2,-1,2,8,-15
61,8,2,1,2,-3,-15,23
61,8,1,0,-3,8,23,-61
61,9,61,9,1,0,0,1
61,9,9,7,0,1,1,-6
61,9,7,2,1,-1,-6,7
61,9,2,1,-1,4,7,-27
61,9,1,0,4,-9,-27,61
61,10,61,10,1,0,0,1
61,10,10,1,0,1,1,-6
61,10,1,0,1,-10,-6,61
62,1,62,1,1,0,0,1
62,1,1,0,0,1,1,-62
62,2,62,2,1,0,0,1
62,2,2,0,0,1,1,-31
62,3,62,3,1,0,0,1
62,3,3,2,0,1,1,-20
62,3,2,1,1,-1,-20,21
62,3,1,0,-1,3,21,-62
62,4,62,4,1,0,0,1
62,4,4,2,0,1,1,-15
62,4,2,0,1,-2,-15,31
62,5,62,5,1,0,0,1
62,5,5,2,0,1,1,-12
62,5,2,1,1,-2,-12,25
62,5,1,0,-2,5,25,-62
62,6,62,6,1,0,0,1
62,6,6,2,0,1,1,-10
62,6,2,0,1,-3,-10,31
62,7,62,7,1,0,0,1
62,7,7,6,0,1,1,-8
62,7,6,1,1,-1,-8,9
62,7,1,0,-1,7,9,-62
62,8,62,8,1,0,0,1
62,8,8,6,0,1,1,-7
62,8,6,2,1,-1,-7,8
62,8,2,0,-1,4,8,-31
62,9,62,9,1,0,0,1
62,9,9,8,0,1,1,-6
62,9,8,1,1,-1,-6,7
62,9,1,0,-1,9,7,-62
62,10,62,10,1,0,0,1
62,10,10,2,0,1,1,-6
62,10,2,0,1,-5,-6,31
63,1,63,1,1,0,0,1
63,1,1,0,0,1,1,-63
63,2,63,2,1,0,0,1
63,2,2,1,0,1,1,-31
63,2,1,0,1,-2,-31,63
63,3,63,3,1,0,0,1
63,3,3,0,0,1,1,-21
63,4,63,4,1,0,0,1
63,4,4,3,0,1,1,-15
63,4,3,1,1,-1,-15,16
63,4,1,0,-1,4,16,-63
63,5,63,5,1,0,0,1
63,5,5,3,0,1,1,-12
63,5,3,2,1,-1,-12,13
63,5,2,1,-1,2,13,-25
63,5,1,0,2,-5,-25,63
63,6,63,6,1,0,0,1
63,6,6,3,0,1,1,-10
63,6,3,0,1,-2,-10,21
63,7,63,7,1,0,0,1
63,7,7,0,0,1,1,-9
63,8,63,8,1,0,0,1
63,8,8,7,0,1,1,-7
63,8,7,1,1,-1,-7,8
63,8,1,0,-1,8,8,-63
63,9,63,9,1,0,0,1
63,9,9,0,0,1,1,-7
63,10,63,10,1,0,0,1
63,10,10,3,0,1,1,-6
63,10,3,1,1,-3,-6,19
63,10,1,0,-3,10,19,-63
64,1,64,1,1,0,0,1
64,1,1,0,0,1,1,-64
64,2,64,2,1,0,0,1
64,2,2,0,0,1,1,-32
64,3,64,3,1,0,0,1
64,3,3,1,0,1,1,-21
64,3,1,0,1,-3,-21,64
64,4,64,4,1,0,0,1
64,4,4,0,0,1,1,-16
64,5,64,5,1,0,0,1
64,5,5,4,0,1,1,-12
64,5,4,1,1,-1,-12,13
64,5,1,0,-1,5,13,-64
64,6,64,6,1,0,0,1
64,6,6,4,0,1,1,-10
64,6,4,2,1,-1,-10,11
64,6,2,0,-1,3,11,-32
64,7,64,7,1,0,0,1
64,7,7,1,0,1,1,-9
64,7,1,0,1,-7,-9,64
64,8,64,8,1,0,0,1
64,8,8,0,0,1,1,-8
64,9,64,9,1,0,0,1
64,9,9,1,0,1,1,-7
64,9,1,0,1,-9,-7,64
64,10,64,10,1,0,0,1
64,10,10,4,0,1,1,-6
64,10,4,2,1,-2,-6,13
64,10,2,0,-2,5,13,-32
65,1,65,1,1,0,0,1
65,1,1,0,0,1,1,-65
65,2,65,2,1,0,0,1
65,2,2,1,0,1,1,-32
65,2,1,0,1,-2,-32,65
65,3,65,3,1,0,0,1
65,3,3,2,0,1,1,-21
65,3,2,1,1,-1,-21,22
65,3,1,0,-1,3,22,-65
65,4,65,4,1,0,0,1
65,4,4,1,0,1,1,-16
65,4,1,0,1,-4,-16,65
65,5,65,5,1,0,0,1
65,5,5,0,0,1,1,-13
65,6,65,6,1,0,0,1
65,6,6,5,0,1,1,-10
65,6,5,1,1,-1,-10,11
65,6,1,0,-1,6,11,-65
65,7,65,7,1,0,0,1
65,7,7,2,0,1,1,-9
65,7,2,1,1,-3,-9,28
65,7,1,0,-3,7,28,-65
65,8,65,8,1,0,0,1
65,8,8,1,0,1,1,-8
65,8,1,0,1,-8,-8,65
65,9,65,9,1,0,0,1
65,9,9,2,0,1,1,-7
65,9,2,1,1,-4,-7,29
65,9,1,0,-4,9,29,-65
65,10,65,10,1,0,0,1
65,10,10,5,0,1,1,-6
65,10,5,0,1,-2,-6,13
66,1,66,1,1,0,0,1
66,1,1,0,0,1,1,-66
66,2,66,2,1,0,0,1
66,2,2,0,0,1,1,-33
66,3,66,3,1,0,0,1
66,3,3,0,0,1,1,-22
66,4,66,4,1,0,0,1
66,4,4,2,0,1,1,-16
66,4,2,0,1,-2,-16,33
66,5,66,5,1,0,0,1
66,5,5,1,0,1,1,-13
66,5,1,0,1,-5,-13,66
66,6,66,6,1,0,0,1
66,6,6,0,0,1,1,-11
66,7,66,7,1,0,0,1
66,7,7,3,0,1,1,-9
66,7,3,1,1,-2,-9,19
66,7,1,0,-2,7,19,-66
66,8,66,8,1,0,0,1
66,8,8,2,0,1,1,-8
66,8,2,0,1,-4,-8,33
66,9,66,9,1,0,0,1
66,9,9,3,0,1,1,-7
66,9,3,0,1,-3,-7,22
66,10,66,10,1,0,0,1
66,10,10,6,0,1,1,-6
66,10,6,4,1,-1,-6,7
66,10,4,2,-1,2,7,-13
66,10,2,0,2,-5,-13,33
67,1,67,1,1,0,0,1
67,1,1,0,0,1,1,-67
67,2,67,2,1,0,0,1
67,2,2,1,0,1,1,-33
67,2,1,0,1,-2,-33,67
67,3,67,3,1,0,0,1
67,3,3,1,0,1,1,-22
67,3,1,0,1,-3,-22,67
67,4,67,4,1,0,0,1
67,4,4,3,0,1,1,-16
67,4,3,1,1,-1,-16,17
67,4,1,0,-1,4,17,-67
67,5,67,5,1,0,0,1
67,5,5,2,0,1,1,-13
67,5,2,1,1,-2,-13,27
67,5,1,0,-2,5,27,-67
67,6,67,6,1,0,0,1
67,6,6,1,0,1,1,-11
67,6,1,0,1,-6,-11,67
67,7,67,7,1,0,0,1
67,7,7,4,0,1,1,-9
67,7,4,3,1,-1,-9,10
67,7,3,1,-1,2,10,-19
67,7,1,0,2,-7,-19,67
67,8,67,8,1,0,0,1
67,8,8,3,0,1,1,-8
67,8,3,2,1,-2,-8,17
67,8,2,1,-2,3,17,-25
67,8,1,0,3,-8,-25,67
67,9,67,9,1,0,0,1
67,9,9,4,0,1,1,-7
67,9,4,1,1,-2,-7,15
67,9,1,0,-2,9,15,-67
67,10,67,10,1,0,0,1
67,10,10,7,0,1,1,-6
67,10,7,3,1,-1,-6,7
67,10,3,1,-1,3,7,-20
67,10,1,0,3,-10,-20,67
68,1,68,1,1,0,0,1
68,1,1,0,0,1,1,-68
68,2,68,2,1,0,0,1
68,2,2,0,0,1,1,-34
68,3,68,3,1,0,0,1
68,3,3,2,0,1,1,-22
68,3,2,1,1,-1,-22,23
68,3,1,0,-1,3,23,-68
68,4,68,4,1,0,0,1
68,4,4,0,0,1,1,-17
68,5,68,5,1,0,0,1
68,5,5,3,0,1,1,-13
68,5,3,2,1,-1,-13,14
68,5,2,1,-1,2,14,-27
68,5,1,0,2,-5,-27,68
68,6,68,6,1,0,0,1
68,6,6,2,0,1,1,-11
68,6,2,0,1,-3,-11,34
68,7,68,7,1,0,0,1
68,7,7,5,0,1,1,-9
68,7,5,2,1,-1,-9,10
68,7,2,1,-1,3,10,-29
68,7,1,0,3,-7,-29,68
68,8,68,8,1,0,0,1
68,8,8,4,0,1,1,-8
68,8,4,0,1,-2,-8,17
68,9,68,9,1,0,0,1
68,9,9,5,0,1,1,-7
68,9,5,4,1,-1,-7,8
68,9,4,1,-1,2,8,-15
68,9,1,0,2,-9,-15,68
68,10,68,10,1,0,0,1
68,10,10,8,0,1,1,-6
68,10,8,2,1,-1,-6,7
68,10,2,0,-1,5,7,-34
69,1,69,1,1,0,0,1
69,1,1,0,0,1,1,-69
69,2,69,2,1,0,0,1
69,2,2,1,0,1,1,-34
69,2,1,0,1,-2,-34,69
69,3,69,3,1,0,0,1
69,3,3,0,0,1,1,-23
69,4,69,4,1,0,0,1
69,4,4,1,0,1,1,-17
69,4,1,0,1,-4,-17,69
69,5,69,5,1,0,0,1
69,5,5,4,0,1,1,-13
69,5,4,1,1,-1,-13,14
69,5,1,0,-1,5,14,-69
69,6,69,6,1,0,0,1
69,6,6,3,0,1,1,-11
69,6,3,0,1,-2,-11,23
69,7,69,7,1,0,0,1
69,7,7,6,0,1,1,-9
69,7,6,1,1,-1,-9,10
69,7,1,0,-1,7,10,-69
69,8,69,8,1,0,0,1
69,8,8,5,0,1,1,-8
69,8,5,3,1,-1,-8,9
69,8,3,2,-1,2,9,-17
69,8,2,1,2,-3,-17,26
69,8,1,0,-3,8,26,-69
69,9,69,9,1,0,0,1
69,9,9,6,0,1,1,-7
69,9,6,3,1,-1,-7,8
69,9,3,0,-1,3,8,-23
69,10,69,10,1,0,0,1
69,10,10,9,0,1,1,-6
69,10,9,1,1,-1,-6,7
69,10,1,0,-1,10,7,-69
70,1,70,1,1,0,0,1
70,1,1,0,0,1,1,-70
70,2,70,2,1,0,0,1
70,2,2,0,0,1,1,-35
70,3,70,3,1,0,0,1
70,3,3,1,0,1,1,-23
70,3,1,0,1,-3,-23,70
70,4,70,4,1,0,0,1
70,4,4,2,0,1,1,-17
70,4,2,0,1,-2,-17,35
70,5,70,5,1,0,0,1
70,5,5,0,0,1,1,-14
70,6,70,6,1,0,0,1
70,6,6,4,0,1,1,-11
70,6,4,2,1,-1,-11,12
70,6,2,0,-1,3,12,-35
70,7,70,7,1,0,0,1
70,7,7,0,0,1,1,-10
70,8,70,8,1,0,0,1
70,8,8,6,0,1,1,-8
70,8,6,2,1,-1,-8,9
70,8,2,0,-1,4,9,-35
70,9,70,9,1,0,0,1
70,9,9,7,0,1,1,-7
70,9,7,2,1,-1,-7,8
70,9,2,1,-1,4,8,-31
70,9,1,0,4,-9,-31,70
70,10,70,10,1,0,0,1
70,10,10,0,0,1,1,-7
71,1,71,1,1,0,0,1
71,1,1,0,0,1,1,-71
71,2,71,2,1,0,0,1
71,2,2,1,0,1,1,-35
71,2,1,0,1,-2,-35,71
71,3,71,3,1,0,0,1
71,3,3,2,0,1,1,-23
71,3,2,1,1,-1,-23,24
71,3,1,0,-1,3,24,-71
71,4,71,4,1,0,0,1
71,4,4,3,0,1,1,-17
71,4,3,1,1,-1,-17,18
71,4,1,0,-1,4,18,-71
71,5,71,5,1,0,0,1
71,5,5,1,0,1,1,-14
71,5,1,0,1,-5,-14,71
71,6,71,6,1,0,0,1
71,6,6,5,0,1,1,-11
71,6,5,1,1,-1,-11,12
71,6,1,0,-1,6,12,-71
71,7,71,7,1,0,0,1
71,7,7,1,0,1,1,-10
71,7,1,0,1,-7,-10,71
71,8,71,8,1,0,0,1
71,8,8,7,0,1,1,-8
71,8,7,1,1,-1,-8,9
71,8,1,0,-1,8,9,-71
71,9,71,9,1,0,0,1
71,9,9,8,0,1,1,-7
71,9,8,1,1,-1,-7,8
71,9,1,0,-1,9,8,-71
71,10,71,10,1,0,0,1
71,10,10,1,0,1,1,-7
71,10,1,0,1,-10,-7,71
72,1,72,1,1,0,0,1
72,1,1,0,0,1,1,-72
72,2,72,2,1,0,0,1
72,2,2,0,0,1,1,-36
72,3,72,3,1,0,0,1
72,3,3,0,0,1,1,-24
72,4,72,4,1,0,0,1
72,4,4,0,0,1,1,-18
72,5,72,5,1,0,0,1
72,5,5,2,0,1,1,-14
72,5,2,1,1,-2,-14,29
72,5,1,0,-2,5,29,-72
72,6,72,6,1,0,0,1
72,6,6,0,0,1,1,-12
72,7,72,7,1,0,0,1
72,7,7,2,0,1,1,-10
72,7,2,1,1,-3,-10,31
72,7,1,0,-3,7,31,-72
72,8,72,8,1,0,0,1
72,8,8,0,0,1,1,-9
72,9,72,9,1,0,0,1
72,9,9,0,0,1,1,-8
72,10,72,10,1,0,0,1
72,10,10,2,0,1,1,-7
72,10,2,0,1,-5,-7,36
73,1,73,1,1,0,0,1
73,1,1,0,0,1,1,-73
73,2,73,2,1,0,0,1
73,2,2,1,0,1,1,-36
73,2,1,0,1,-2,-36,73
73,3,73,3,1,0,0,1
73,3,3,1,0,1,1,-24
73,3,1,0,1,-3,-24,73
73,4,73,4,1,0,0,1
73,4,4,1,0,1,1,-18
73,4,1,0,1,-4,-18,73
73,5,73,5,1,0,0,1
73,5,5,3,0,1,1,-14
73,5,3,2,1,-1,-14,15
73,5,2,1,-1,2,15,-29
73,5,1,0,2,-5,-29,73
73,6,73,6,1,0,0,1
73,6,6,1,0,1,1,-12
73,6,1,0,1,-6,-12,73
73,7,73,7,1,0,0,1
73,7,7,3,0,1,1,-10
73,7,3,1,1,-2,-10,21
73,7,1,0,-2,7,21,-73
73,8,73,8,1,0,0,1
73,8,8,1,0,1,1,-9
73,8,1,0,1,-8,-9,73
73,9,73,9,1,0,0,1
73,9,9,1,0,1,1,-8
73,9,1,0,1,-9,-8,73
73,10,73,10,1,0,0,1
73,10,10,3,0,1,1,-7
73,10,3,1,1,-3,-7,22
73,10,1,0,-3,10,22,-73
74,1,74,1,1,0,0,1
74,1,1,0,0,1,1,-74
74,2,74,2,1,0,0,1
74,2,2,0,0,1,1,-37
74,3,74,3,1,0,0,1
74,3,3,2,0,1,1,-24
74,3,2,1,1,-1,-24,25
74,3,1,0,-1,3,25,-74
74,4,74,4,1,0,0,1
74,4,4,2,0,1,1,-18
74,4,2,0,1,-2,-18,37
74,5,74,5,1,0,0,1
74,5,5,4,0,1,1,-14
74,5,4,1,1,-1,-14,15
74,5,1,0,-1,5,15,-74
74,6,74,6,1,0,0,1
74,6,6,2,0,1,1,-12
74,6,2,0,1,-3,-12,37
74,7,74,7,1,0,0,1
74,7,7,4,0,1,1,-10
74,7,4,3,1,-1,-10,11
74,7,3,1,-1,2,11,-21
74,7,1,0,2,-7,-21,74
74,8,74,8,1,0,0,1
74,8,8,2,0,1,1,-9
74,8,2,0,1,-4,-9,37
74,9,74,9,1,0,0,1
74,9,9,2,0,1,1,-8
74,9,2,1,1,-4,-8,33
74,9,1,0,-4,9,33,-74
74,10,74,10,1,0,0,1
74,10,10,4,0,1,1,-7
74,10,4,2,1,-2,-7,15
74,10,2,0,-2,5,15,-37
75,1,75,1,1,0,0,1
75,1,1,0,0,1,1,-75
75,2,75,2,1,0,0,1
75,2,2,1,0,1,1,-37
75,2,1,0,1,-2,-37,75
75,3,75,3,1,0,0,1
75,3,3,0,0,1,1,-25
75,4,75,4,1,0,0,1
75,4,4,3,0,1,1,-18
75,4,3,1,1,-1,-18,19
75,4,1,0,-1,4,19,-75
75,5,75,5,1,0,0,1
75,5,5,0,0,1,1,-15
75,6,75,6,1,0,0,1
75,6,6,3,0,1,1,-12
75,6,3,0,1,-2,-12,25
75,7,75,7,1,0,0,1
75,7,7,5,0,1,1,-10
75,7,5,2,1,-1,-10,11
75,7,2,1,-1,3,11,-32
75,7,1,0,3,-7,-32,75
75,8,75,8,1,0,0,1
75,8,8,3,0,1,1,-9
75,8,3,2,1,-2,-9,19
75,8,2,1,-2,3,19,-28
75,8,1,0,3,-8,-28,75
75,9,75,9,1,0,0,1
75,9,9,3,0,1,1,-8
75,9,3,0,1,-3,-8,25
75,10,75,10,1,0,0,1
75,10,10,5,0,1,1,-7
75,10,5,0,1,-2,-7,15
