a,r,x,s
0,1,0,3.25
1,1,1,3.25
2,1,2,3.25
3,1,3,3.25
4,1,4,3.25
4,2,0.75,12.25
5,1,5,3.25
5,2,1.75,12.25
6,1,6,3.25
6,2,2.75,12.25
7,1,7,3.25
7,2,3.75,12.25
8,1,8,3.25
8,2,4.75,12.25
9,1,9,3.25
9,2,5.75,12.25
10,1,10,3.25
10,2,6.75,12.25
11,1,11,3.25
11,2,7.75,12.25
12,1,12,3.25
12,2,8.75,12.25
13,1,13,3.25
13,2,9.75,12.25
14,1,14,3.25
14,2,10.75,12.25
15,1,15,3.25
15,2,11.75,12.25
16,1,16,3.25
16,2,12.75,12.25
16,3,0.5,27.25
17,1,17,3.25
17,2,13.75,12.25
17,3,1.5,27.25
18,1,18,3.25
18,2,14.75,12.25
18,3,2.5,27.25
19,1,19,3.25
19,2,15.75,12.25
19,3,3.5,27.25
20,1,20,3.25
20,2,16.75,12.25
20,3,4.5,27.25
21,1,21,3.25
21,2,17.75,12.25
21,3,5.5,27.25
22,1,22,3.25
22,2,18.75,12.25
22,3,6.5,27.25
23,1,23,3.25
23,2,19.75,12.25
23,3,7.5,27.25
24,1,24,3.25
24,2,20.75,12.25
24,3,8.5,27.25
25,1,25,3.25
25,2,21.75,12.25
25,3,9.5,27.25
26,1,26,3.25
26,2,22.75,12.25
26,3,10.5,27.25
27,1,27,3.25
27,2,23.75,12.25
27,3,11.5,27.25
28,1,28,3.25
28,2,24.75,12.25
28,3,12.5,27.25
29,1,29,3.25
29,2,25.75,12.25
29,3,13.5,27.25
30,1,30,3.25
30,2,26.75,12.25
30,3,14.5,27.25
31,1,31,3.25
31,2,27.75,12.25
31,3,15.5,27.25
32,1,32,3.25
32,2,28.75,12.25
32,3,16.5,27.25
33,1,33,3.25
33,2,29.75,12.25
33,3,17.5,27.25
34,1,34,3.25
34,2,30.75,12.25
34,3,18.5,27.25
35,1,35,3.25
35,2,31.75,12.25
35,3,19.5,27.25
36,1,36,3.25
36,2,32.75,12.25
36,3,20.5,27.25
37,1,37,3.25
37,2,33.75,12.25
37,3,21.5,27.25
38,1,38,3.25
38,2,34.75,12.25
38,3,22.5,27.25
39,1,39,3.25
39,2,35.75,12.25
39,3,23.5,27.25
40,1,40,3.25
40,2,36.75,12.25
40,3,24.5,27.25
41,1,41,3.25
41,2,37.75,12.25
41,3,25.5,27.25
42,1,42,3.25
42,2,38.75,12.25
42,3,26.5,27.25
43,1,43,3.25
43,2,39.75,12.25
43,3,27.5,27.25
43,4,0.25,48.25
44,1,44,3.25
44,2,40.75,12.25
44,3,28.5,27.25
44,4,1.25,48.25
45,1,45,3.25
45,2,41.75,12.25
45,3,29.5,27.25
45,4,2.25,48.25
46,1,46,3.25
46,2,42.75,12.25
46,3,30.5,27.25
46,4,3.25,48.25
47,1,47,3.25
47,2,43.75,12.25
47,3,31.5,27.25
47,4,4.25,48.25
48,1,48,3.25
48,2,44.75,12.25
48,3,32.5,27.25
48,4,5.25,48.25
49,1,49,3.25
49,2,45.75,12.25
49,3,33.5,27.25
49,4,6.25,48.25
50,1,50,3.25
50,2,46.75,12.25
50,3,34.5,27.25
50,4,7.25,48.25
51,1,51,3.25
51,2,47.75,12.25
51,3,35.5,27.25
51,4,8.25,48.25
52,1,52,3.25
52,2,48.75,12.25
52,3,36.5,27.25
52,4,9.25,48.25
53,1,53,3.25
53,2,49.75,12.25
53,3,37.5,27.25
53,4,10.25,48.25
54,1,54,3.25
54,2,50.75,12.25
54,3,38.5,27.25
54,4,11.25,48.25
55,1,55,3.25
55,2,51.75,12.25
55,3,39.5,27.25
55,4,12.25,48.25
56,1,56,3.25
56,2,52.75,12.25
56,3,40.5,27.25
56,4,13.25,48.25
57,1,57,3.25
57,2,53.75,12.25
57,3,41.5,27.25
57,4,14.25,48.25
58,1,58,3.25
58,2,54.75,12.25
58,3,42.5,27.25
58,4,15.25,48.25
59,1,59,3.25
59,2,55.75,12.25
59,3,43.5,27.25
59,4,16.25,48.25
60,1,60,3.25
60,2,56.75,12.25
60,3,44.5,27.25
60,4,17.25,48.25
61,1,61,3.25
61,2,57.75,12.25
61,3,45.5,27.25
61,4,18.25,48.25
62,1,62,3.25
62,2,58.75,12.25
62,3,46.5,27.25
62,4,19.25,48.25
63,1,63,3.25
63,2,59.75,12.25
63,3,47.5,27.25
63,4,20.25,48.25
64,1,64,3.25
64,2,60.75,12.25
64,3,48.5,27.25
64,4,21.25,48.25
65,1,65,3.25
65,2,61.75,12.25
65,3,49.5,27.25
65,4,22.25,48.25
66,1,66,3.25
66,2,62.75,12.25
66,3,50.5,27.25
66,4,23.25,48.25
67,1,67,3.25
67,2,63.75,12.25
67,3,51.5,27.25
67,4,24.25,48.25
68,1,68,3.25
68,2,64.75,12.25
68,3,52.5,27.25
68,4,25.25,48.25
69,1,69,3.25
69,2,65.75,12.25
69,3,53.5,27.25
69,4,26.25,48.25
70,1,70,3.25
70,2,66.75,12.25
70,3,54.5,27.25
70,4,27.25,48.25
71,1,71,3.25
71,2,67.75,12.25
71,3,55.5,27.25
71,4,28.25,48.25
72,1,72,3.25
72,2,68.75,12.25
72,3,56.5,27.25
72,4,29.25,48.25
73,1,73,3.25
73,2,69.75,12.25
73,3,57.5,27.25
73,4,30.25,48.25
74,1,74,3.25
74,2,70.75,12.25
74,3,58.5,27.25
74,4,31.25,48.25
75,1,75,3.25
75,2,71.75,12.25
75,3,59.5,27.25
75,4,32.25,48.25
76,1,76,3.25
76,2,72.75,12.25
76,3,60.5,27.25
76,4,33.25,48.25
77,1,77,3.25
77,2,73.75,12.25
77,3,61.5,27.25
77,4,34.25,48.25
78,1,78,3.25
78,2,74.75,12.25
78,3,62.5,27.25
78,4,35.25,48.25
79,1,79,3.25
79,2,75.75,12.25
79,3,63.5,27.25
79,4,36.25,48.25
80,1,80,3.25
80,2,76.75,12.25
80,3,64.5,27.25
80,4,37.25,48.25
81,1,81,3.25
81,2,77.75,12.25
81,3,65.5,27.25
81,4,38.25,48.25
82,1,82,3.25
82,2,78.75,12.25
82,3,66.5,27.25
82,4,39.25,48.25
83,1,83,3.25
83,2,79.75,12.25
83,3,67.5,27.25
83,4,40.25,48.25
84,1,84,3.25
84,2,80.75,12.25
84,3,68.5,27.25
84,4,41.25,48.25
85,1,85,3.25
85,2,81.75,12.25
85,3,69.5,27.25
85,4,42.25,48.25
86,1,86,3.25
86,2,82.75,12.25
86,3,70.5,27.25
86,4,43.25,48.25
87,1,87,3.25
87,2,83.75,12.25
87,3,71.5,27.25
87,4,44.25,48.25
88,1,88,3.25
88,2,84.75,12.25
88,3,72.5,27.25
88,4,45.25,48.25
89,1,89,3.25
89,2,85.75,12.25
89,3,73.5,27.25
89,4,46.25,48.25
90,1,90,3.25
90,2,86.75,12.25
90,3,74.5,27.25
90,4,47.25,48.25
91,1,91,3.25
91,2,87.75,12.25
91,3,75.5,27.25
91,4,48.25,48.25
92,1,92,3.25
92,2,88.75,12.25
92,3,76.5,27.25
92,4,49.25,48.25
92,5,1,75.25
93,1,93,3.25
93,2,89.75,12.25
93,3,77.5,27.25
93,4,50.25,48.25
93,5,2,75.25
94,1,94,3.25
94,2,90.75,12.25
94,3,78.5,27.25
94,4,51.25,48.25
94,5,3,75.25
95,1,95,3.25
95,2,91.75,12.25
95,3,79.5,27.25
95,4,52.25,48.25
95,5,4,75.25
96,1,96,3.25
96,2,92.75,12.25
96,3,80.5,27.25
96,4,53.25,48.25
96,5,5,75.25
97,1,97,3.25
97,2,93.75,12.25
97,3,81.5,27.25
97,4,54.25,48.25
97,5,6,75.25
98,1,98,3.25
98,2,94.75,12.25
98,3,82.5,27.25
98,4,55.25,48.25
98,5,7,75.25
99,1,99,3.25
99,2,95.75,12.25
99,3,83.5,27.25
99,4,56.25,48.25
99,5,8,75.25
100,1,100,3.25
100,2,96.75,12.25
100,3,84.5,27.25
100,4,57.25,48.25
100,5,9,75.25
101,1,101,3.25
101,2,97.75,12.25
101,3,85.5,27.25
101,4,58.25,48.25
101,5,10,75.25
102,1,102,3.25
102,2,98.75,12.25
102,3,86.5,27.25
102,4,59.25,48.25
102,5,11,75.25
103,1,103,3.25
103,2,99.75,12.25
103,3,87.5,27.25
103,4,60.25,48.25
103,5,12,75.25
104,1,104,3.25
104,2,100.75,12.25
104,3,88.5,27.25
104,4,61.25,48.25
104,5,13,75.25
105,1,105,3.25
105,2,101.75,12.25
105,3,89.5,27.25
105,4,62.25,48.25
105,5,14,75.25
106,1,106,3.25
106,2,102.75,12.25
106,3,90.5,27.25
106,4,63.25,48.25
106,5,15,75.25
107,1,107,3.25
107,2,103.75,12.25
107,3,91.5,27.25
107,4,64.25,48.25
107,5,16,75.25
108,1,108,3.25
108,2,104.75,12.25
108,3,92.5,27.25
108,4,65.25,48.25
108,5,17,75.25
109,1,109,3.25
109,2,105.75,12.25
109,3,93.5,27.25
109,4,66.25,48.25
109,5,18,75.25
110,1,110,3.25
110,2,106.75,12.25
110,3,94.5,27.25
110,4,67.25,48.25
110,5,19,75.25
111,1,111,3.25
111,2,107.75,12.25
111,3,95.5,27.25
111,4,68.25,48.25
111,5,20,75.25
112,1,112,3.25
112,2,108.75,12.25
112,3,96.5,27.25
112,4,69.25,48.25
112,5,21,75.25
113,1,113,3.25
113,2,109.75,12.25
113,3,97.5,27.25
113,4,70.25,48.25
113,5,22,75.25
114,1,114,3.25
114,2,110.75,12.25
114,3,98.5,27.25
114,4,71.25,48.25
114,5,23,75.25
115,1,115,3.25
115,2,111.75,12.25
115,3,99.5,27.25
115,4,72.25,48.25
115,5,24,75.25
116,1,116,3.25
116,2,112.75,12.25
116,3,100.5,27.25
116,4,73.25,48.25
116,5,25,75.25
117,1,117,3.25
117,2,113.75,12.25
117,3,101.5,27.25
117,4,74.25,48.25
117,5,26,75.25
118,1,118,3.25
118,2,114.75,12.25
118,3,102.5,27.25
118,4,75.25,48.25
118,5,27,75.25
119,1,119,3.25
119,2,115.75,12.25
119,3,103.5,27.25
119,4,76.25,48.25
119,5,28,75.25
120,1,120,3.25
120,2,116.75,12.25
120,3,104.5,27.25
120,4,77.25,48.25
120,5,29,75.25
121,1,121,3.25
121,2,117.75,12.25
121,3,105.5,27.25
121,4,78.25,48.25
121,5,30,75.25
122,1,122,3.25
122,2,118.75,12.25
122,3,106.5,27.25
122,4,79.25,48.25
122,5,31,75.25
123,1,123,3.25
123,2,119.75,12.25
123,3,107.5,27.25
123,4,80.25,48.25
123,5,32,75.25
124,1,124,3.25
124,2,120.75,12.25
124,3,108.5,27.25
124,4,81.25,48.25
124,5,33,75.25
125,1,125,3.25
125,2,121.75,12.25
125,3,109.5,27.25
125,4,82.25,48.25
125,5,34,75.25
126,1,126,3.25
126,2,122.75,12.25
126,3,110.5,27.25
126,4,83.25,48.25
126,5,35,75.25
127,1,127,3.25
127,2,123.75,12.25
127,3,111.5,27.25
127,4,84.25,48.25
127,5,36,75.25
128,1,128,3.25
128,2,124.75,12.25
128,3,112.5,27.25
128,4,85.25,48.25
128,5,37,75.25
129,1,129,3.25
129,2,125.75,12.25
129,3,113.5,27.25
129,4,86.25,48.25
129,5,38,75.25
130,1,130,3.25
130,2,126.75,12.25
130,3,114.5,27.25
130,4,87.25,48.25
130,5,39,75.25
131,1,131,3.25
131,2,127.75,12.25
131,3,115.5,27.25
131,4,88.25,48.25
131,5,40,75.25
132,1,132,3.25
132,2,128.75,12.25
132,3,116.5,27.25
132,4,89.25,48.25
132,5,41,75.25
133,1,133,3.25
133,2,129.75,12.25
133,3,117.5,27.25
133,4,90.25,48.25
133,5,42,75.25
134,1,134,3.25
134,2,130.75,12.25
134,3,118.5,27.25
134,4,91.25,48.25
134,5,43,75.25
135,1,135,3.25
135,2,131.75,12.25
135,3,119.5,27.25
135,4,92.25,48.25
135,5,44,75.25
136,1,136,3.25
136,2,132.75,12.25
136,3,120.5,27.25
136,4,93.25,48.25
136,5,45,75.25
137,1,137,3.25
137,2,133.75,12.25
137,3,121.5,27.25
137,4,94.25,48.25
137,5,46,75.25
138,1,138,3.25
138,2,134.75,12.25
138,3,122.5,27.25
138,4,95.25,48.25
138,5,47,75.25
139,1,139,3.25
139,2,135.75,12.25
139,3,123.5,27.25
139,4,96.25,48.25
139,5,48,75.25
140,1,140,3.25
140,2,136.75,12.25
140,3,124.5,27.25
140,4,97.25,48.25
140,5,49,75.25
141,1,141,3.25
141,2,137.75,12.25
141,3,125.5,27.25
141,4,98.25,48.25
141,5,50,75.25
142,1,142,3.25
142,2,138.75,12.25
142,3,126.5,27.25
142,4,99.25,48.25
142,5,51,75.25
143,1,143,3.25
143,2,139.75,12.25
143,3,127.5,27.25
143,4,100.25,48.25
143,5,52,75.25
144,1,144,3.25
144,2,140.75,12.25
144,3,128.5,27.25
144,4,101.25,48.25
144,5,53,75.25
145,1,145,3.25
145,2,141.75,12.25
145,3,129.5,27.25
145,4,102.25,48.25
145,5,54,75.25
146,1,146,3.25
146,2,142.75,12.25
146,3,130.5,27.25
146,4,103.25,48.25
146,5,55,75.25
147,1,147,3.25
147,2,143.75,12.25
147,3,131.5,27.25
147,4,104.25,48.25
147,5,56,75.25
148,1,148,3.25
148,2,144.75,12.25
148,3,132.5,27.25
148,4,105.25,48.25
148,5,57,75.25
149,1,149,3.25
149,2,145.75,12.25
149,3,133.5,27.25
149,4,106.25,48.25
149,5,58,75.25
150,1,150,3.25
150,2,146.75,12.25
150,3,134.5,27.25
150,4,107.25,48.25
150,5,59,75.25
151,1,151,3.25
151,2,147.75,12.25
151,3,135.5,27.25
151,4,108.25,48.25
151,5,60,75.25
152,1,152,3.25
152,2,148.75,12.25
152,3,136.5,27.25
152,4,109.25,48.25
152,5,61,75.25
153,1,153,3.25
153,2,149.75,12.25
153,3,137.5,27.25
153,4,110.25,48.25
153,5,62,75.25
154,1,154,3.25
154,2,150.75,12.25
154,3,138.5,27.25
154,4,111.25,48.25
154,5,63,75.25
155,1,155,3.25
155,2,151.75,12.25
155,3,139.5,27.25
155,4,112.25,48.25
155,5,64,75.25
156,1,156,3.25
156,2,152.75,12.25
156,3,140.5,27.25
156,4,113.25,48.25
156,5,65,75.25
157,1,157,3.25
157,2,153.75,12.25
157,3,141.5,27.25
157,4,114.25,48.25
157,5,66,75.25
158,1,158,3.25
158,2,154.75,12.25
158,3,142.5,27.25
158,4,115.25,48.25
158,5,67,75.25
159,1,159,3.25
159,2,155.75,12.25
159,3,143.5,27.25
159,4,116.25,48.25
159,5,68,75.25
160,1,160,3.25
160,2,156.75,12.25
160,3,144.5,27.25
160,4,117.25,48.25
160,5,69,75.25
161,1,161,3.25
161,2,157.75,12.25
161,3,145.5,27.25
161,4,118.25,48.25
161,5,70,75.25
162,1,162,3.25
162,2,158.75,12.25
162,3,146.5,27.25
162,4,119.25,48.25
162,5,71,75.25
163,1,163,3.25
163,2,159.75,12.25
163,3,147.5,27.25
163,4,120.25,48.25
163,5,72,75.25
164,1,164,3.25
164,2,160.75,12.25
164,3,148.5,27.25
164,4,121.25,48.25
164,5,73,75.25
165,1,165,3.25
165,2,161.75,12.25
165,3,149.5,27.25
165,4,122.25,48.25
165,5,74,75.25
166,1,166,3.25
166,2,162.75,12.25
166,3,150.5,27.25
166,4,123.25,48.25
166,5,75,75.25
167,1,167,3.25
167,2,163.75,12.25
167,3,151.5,27.25
167,4,124.25,48.25
167,5,76,75.25
167,6,0.75,108.25
168,1,168,3.25
168,2,164.75,12.25
168,3,152.5,27.25
168,4,125.25,48.25
168,5,77,75.25
168,6,1.75,108.25
169,1,169,3.25
169,2,165.75,12.25
169,3,153.5,27.25
169,4,126.25,48.25
169,5,78,75.25
169,6,2.75,108.25
170,1,170,3.25
170,2,166.75,12.25
170,3,154.5,27.25
170,4,127.25,48.25
170,5,79,75.25
170,6,3.75,108.25
171,1,171,3.25
171,2,167.75,12.25
171,3,155.5,27.25
171,4,128.25,48.25
171,5,80,75.25
171,6,4.75,108.25
172,1,172,3.25
172,2,168.75,12.25
172,3,156.5,27.25
172,4,129.25,48.25
172,5,81,75.25
172,6,5.75,108.25
173,1,173,3.25
173,2,169.75,12.25
173,3,157.5,27.25
173,4,130.25,48.25
173,5,82,75.25
173,6,6.75,108.25
174,1,174,3.25
174,2,170.75,12.25
174,3,158.5,27.25
174,4,131.25,48.25
174,5,83,75.25
174,6,7.75,108.25
175,1,175,3.25
175,2,171.75,12.25
175,3,159.5,27.25
175,4,132.25,48.25
175,5,84,75.25
175,6,8.75,108.25
176,1,176,3.25
176,2,172.75,12.25
176,3,160.5,27.25
176,4,133.25,48.25
176,5,85,75.25
176,6,9.75,108.25
177,1,177,3.25
177,2,173.75,12.25
177,3,161.5,27.25
177,4,134.25,48.25
177,5,86,75.25
177,6,10.75,108.25
178,1,178,3.25
178,2,174.75,12.25
178,3,162.5,27.25
178,4,135.25,48.25
178,5,87,75.25
178,6,11.75,108.25
179,1,179,3.25
179,2,175.75,12.25
179,3,163.5,27.25
179,4,136.25,48.25
179,5,88,75.25
179,6,12.75,108.25
180,1,180,3.25
180,2,176.75,12.25
180,3,164.5,27.25
180,4,137.25,48.25
180,5,89,75.25
180,6,13.75,108.25
181,1,181,3.25
181,2,177.75,12.25
181,3,165.5,27.25
181,4,138.25,48.25
181,5,90,75.25
181,6,14.75,108.25
182,1,182,3.25
182,2,178.75,12.25
182,3,166.5,27.25
182,4,139.25,48.25
182,5,91,75.25
182,6,15.75,108.25
183,1,183,3.25
183,2,179.75,12.25
183,3,167.5,27.25
183,4,140.25,48.25
183,5,92,75.25
183,6,16.75,108.25
184,1,184,3.25
184,2,180.75,12.25
184,3,168.5,27.25
184,4,141.25,48.25
184,5,93,75.25
184,6,17.75,108.25
185,1,185,3.25
185,2,181.75,12.25
185,3,169.5,27.25
185,4,142.25,48.25
185,5,94,75.25
185,6,18.75,108.25
186,1,186,3.25
186,2,182.75,12.25
186,3,170.5,27.25
186,4,143.25,48.25
186,5,95,75.25
186,6,19.75,108.25
187,1,187,3.25
187,2,183.75,12.25
187,3,171.5,27.25
187,4,144.25,48.25
187,5,96,75.25
187,6,20.75,108.25
188,1,188,3.25
188,2,184.75,12.25
188,3,172.5,27.25
188,4,145.25,48.25
188,5,97,75.25
188,6,21.75,108.25
189,1,189,3.25
189,2,185.75,12.25
189,3,173.5,27.25
189,4,146.25,48.25
189,5,98,75.25
189,6,22.75,108.25
190,1,190,3.25
190,2,186.75,12.25
190,3,174.5,27.25
190,4,147.25,48.25
190,5,99,75.25
190,6,23.75,108.25
191,1,191,3.25
191,2,187.75,12.25
191,3,175.5,27.25
191,4,148.25,48.25
191,5,100,75.25
191,6,24.75,108.25
192,1,192,3.25
192,2,188.75,12.25
192,3,176.5,27.25
192,4,149.25,48.25
192,5,101,75.25
192,6,25.75,108.25
193,1,193,3.25
193,2,189.75,12.25
193,3,177.5,27.25
193,4,150.25,48.25
193,5,102,75.25
193,6,26.75,108.25
194,1,194,3.25
194,2,190.75,12.25
194,3,178.5,27.25
194,4,151.25,48.25
194,5,103,75.25
194,6,27.75,108.25
195,1,195,3.25
195,2,191.75,12.25
195,3,179.5,27.25
195,4,152.25,48.25
195,5,104,75.25
195,6,28.75,108.25
196,1,196,3.25
196,2,192.75,12.25
196,3,180.5,27.25
196,4,153.25,48.25
196,5,105,75.25
196,6,29.75,108.25
197,1,197,3.25
197,2,193.75,12.25
197,3,181.5,27.25
197,4,154.25,48.25
197,5,106,75.25
197,6,30.75,108.25
198,1,198,3.25
198,2,194.75,12.25
198,3,182.5,27.25
198,4,155.25,48.25
198,5,107,75.25
198,6,31.75,108.25
199,1,199,3.25
199,2,195.75,12.25
199,3,183.5,27.25
199,4,156.25,48.25
199,5,108,75.25
199,6,32.75,108.25
200,1,200,3.25
200,2,196.75,12.25
200,3,184.5,27.25
200,4,157.25,48.25
200,5,109,75.25
200,6,33.75,108.25
201,1,201,3.25
201,2,197.75,12.25
201,3,185.5,27.25
201,4,158.25,48.25
201,5,110,75.25
201,6,34.75,108.25
202,1,202,3.25
202,2,198.75,12.25
202,3,186.5,27.25
202,4,159.25,48.25
202,5,111,75.25
202,6,35.75,108.25
203,1,203,3.25
203,2,199.75,12.25
203,3,187.5,27.25
203,4,160.25,48.25
203,5,112,75.25
203,6,36.75,108.25
204,1,204,3.25
204,2,200.75,12.25
204,3,188.5,27.25
204,4,161.25,48.25
204,5,113,75.25
204,6,37.75,108.25
205,1,205,3.25
205,2,201.75,12.25
205,3,189.5,27.25
205,4,162.25,48.25
205,5,114,75.25
205,6,38.75,108.25
206,1,206,3.25
206,2,202.75,12.25
206,3,190.5,27.25
206,4,163.25,48.25
206,5,115,75.25
206,6,39.75,108.25
207,1,207,3.25
207,2,203.75,12.25
207,3,191.5,27.25
207,4,164.25,48.25
207,5,116,75.25
207,6,40.75,108.25
208,1,208,3.25
208,2,204.75,12.25
208,3,192.5,27.25
208,4,165.25,48.25
208,5,117,75.25
208,6,41.75,108.25
209,1,209,3.25
209,2,205.75,12.25
209,3,193.5,27.25
209,4,166.25,48.25
209,5,118,75.25
209,6,42.75,108.25
210,1,210,3.25
210,2,206.75,12.25
210,3,194.5,27.25
210,4,167.25,48.25
210,5,119,75.25
210,6,43.75,108.25
211,1,211,3.25
211,2,207.75,12.25
211,3,195.5,27.25
211,4,168.25,48.25
211,5,120,75.25
211,6,44.75,108.25
212,1,212,3.25
212,2,208.75,12.25
212,3,196.5,27.25
212,4,169.25,48.25
212,5,121,75.25
212,6,45.75,108.25
213,1,213,3.25
213,2,209.75,12.25
213,3,197.5,27.25
213,4,170.25,48.25
213,5,122,75.25
213,6,46.75,108.25
214,1,214,3.25
214,2,210.75,12.25
214,3,198.5,27.25
214,4,171.25,48.25
214,5,123,75.25
214,6,47.75,108.25
215,1,215,3.25
215,2,211.75,12.25
215,3,199.5,27.25
215,4,172.25,48.25
215,5,124,75.25
215,6,48.75,108.25
216,1,216,3.25
216,2,212.75,12.25
216,3,200.5,27.25
216,4,173.25,48.25
216,5,125,75.25
216,6,49.75,108.25
217,1,217,3.25
217,2,213.75,12.25
217,3,201.5,27.25
217,4,174.25,48.25
217,5,126,75.25
217,6,50.75,108.25
218,1,218,3.25
218,2,214.75,12.25
218,3,202.5,27.25
218,4,175.25,48.25
218,5,127,75.25
218,6,51.75,108.25
219,1,219,3.25
219,2,215.75,12.25
219,3,203.5,27.25
219,4,176.25,48.25
219,5,128,75.25
219,6,52.75,108.25
220,1,220,3.25
220,2,216.75,12.25
220,3,204.5,27.25
220,4,177.25,48.25
220,5,129,75.25
220,6,53.75,108.25
221,1,221,3.25
221,2,217.75,12.25
221,3,205.5,27.25
221,4,178.25,48.25
221,5,130,75.25
221,6,54.75,108.25
222,1,222,3.25
222,2,218.75,12.25
222,3,206.5,27.25
222,4,179.25,48.25
222,5,131,75.25
222,6,55.75,108.25
223,1,223,3.25
223,2,219.75,12.25
223,3,207.5,27.25
223,4,180.25,48.25
223,5,132,75.25
223,6,56.75,108.25
224,1,224,3.25
224,2,220.75,12.25
224,3,208.5,27.25
224,4,181.25,48.25
224,5,133,75.25
224,6,57.75,108.25
225,1,225,3.25
225,2,221.75,12.25
225,3,209.5,27.25
225,4,182.25,48.25
225,5,134,75.25
225,6,58.75,108.25
226,1,226,3.25
226,2,222.75,12.25
226,3,210.5,27.25
226,4,183.25,48.25
226,5,135,75.25
226,6,59.75,108.25
227,1,227,3.25
227,2,223.75,12.25
227,3,211.5,27.25
227,4,184.25,48.25
227,5,136,75.25
227,6,60.75,108.25
228,1,228,3.25
228,2,224.75,12.25
228,3,212.5,27.25
228,4,185.25,48.25
228,5,137,75.25
228,6,61.75,108.25
229,1,229,3.25
229,2,225.75,12.25
229,3,213.5,27.25
229,4,186.25,48.25
229,5,138,75.25
229,6,62.75,108.25
230,1,230,3.25
230,2,226.75,12.25
230,3,214.5,27.25
230,4,187.25,48.25
230,5,139,75.25
230,6,63.75,108.25
231,1,231,3.25
231,2,227.75,12.25
231,3,215.5,27.25
231,4,188.25,48.25
231,5,140,75.25
231,6,64.75,108.25
232,1,232,3.25
232,2,228.75,12.25
232,3,216.5,27.25
232,4,189.25,48.25
232,5,141,75.25
232,6,65.75,108.25
233,1,233,3.25
233,2,229.75,12.25
233,3,217.5,27.25
233,4,190.25,48.25
233,5,142,75.25
233,6,66.75,108.25
234,1,234,3.25
234,2,230.75,12.25
234,3,218.5,27.25
234,4,191.25,48.25
234,5,143,75.25
234,6,67.75,108.25
235,1,235,3.25
235,2,231.75,12.25
235,3,219.5,27.25
235,4,192.25,48.25
235,5,144,75.25
235,6,68.75,108.25
236,1,236,3.25
236,2,232.75,12.25
236,3,220.5,27.25
236,4,193.25,48.25
236,5,145,75.25
236,6,69.75,108.25
237,1,237,3.25
237,2,233.75,12.25
237,3,221.5,27.25
237,4,194.25,48.25
237,5,146,75.25
237,6,70.75,108.25
238,1,238,3.25
238,2,234.75,12.25
238,3,222.5,27.25
238,4,195.25,48.25
238,5,147,75.25
238,6,71.75,108.25
239,1,239,3.25
239,2,235.75,12.25
239,3,223.5,27.25
239,4,196.25,48.25
239,5,148,75.25
239,6,72.75,108.25
240,1,240,3.25
240,2,236.75,12.25
240,3,224.5,27.25
240,4,197.25,48.25
240,5,149,75.25
240,6,73.75,108.25
241,1,241,3.25
241,2,237.75,12.25
241,3,225.5,27.25
241,4,198.25,48.25
241,5,150,75.25
241,6,74.75,108.25
242,1,242,3.25
242,2,238.75,12.25
242,3,226.5,27.25
242,4,199.25,48.25
242,5,151,75.25
242,6,75.75,108.25
243,1,243,3.25
243,2,239.75,12.25
243,3,227.5,27.25
243,4,200.25,48.25
243,5,152,75.25
243,6,76.75,108.25
244,1,244,3.25
244,2,240.75,12.25
244,3,228.5,27.25
244,4,201.25,48.25
244,5,153,75.25
244,6,77.75,108.25
245,1,245,3.25
245,2,241.75,12.25
245,3,229.5,27.25
245,4,202.25,48.25
245,5,154,75.25
245,6,78.75,108.25
246,1,246,3.25
246,2,242.75,12.25
246,3,230.5,27.25
246,4,203.25,48.25
246,5,155,75.25
246,6,79.75,108.25
247,1,247,3.25
247,2,243.75,12.25
247,3,231.5,27.25
247,4,204.25,48.25
247,5,156,75.25
247,6,80.75,108.25
248,1,248,3.25
248,2,244.75,12.25
248,3,232.5,27.25
248,4,205.25,48.25
248,5,157,75.25
248,6,81.75,108.25
249,1,249,3.25
249,2,245.75,12.25
249,3,233.5,27.25
249,4,206.25,48.25
249,5,158,75.25
249,6,82.75,108.25
250,1,250,3.25
250,2,246.75,12.25
250,3,234.5,27.25
250,4,207.25,48.25
250,5,159,75.25
250,6,83.75,108.25
251,1,251,3.25
251,2,247.75,12.25
251,3,235.5,27.25
251,4,208.25,48.25
251,5,160,75.25
251,6,84.75,108.25
252,1,252,3.25
252,2,248.75,12.25
252,3,236.5,27.25
252,4,209.25,48.25
252,5,161,75.25
252,6,85.75,108.25
253,1,253,3.25
253,2,249.75,12.25
253,3,237.5,27.25
253,4,210.25,48.25
253,5,162,75.25
253,6,86.75,108.25
254,1,254,3.25
254,2,250.75,12.25
254,3,238.5,27.25
254,4,211.25,48.25
254,5,163,75.25
254,6,87.75,108.25
255,1,255,3.25
255,2,251.75,12.25
255,3,239.5,27.25
255,4,212.25,48.25
255,5,164,75.25
255,6,88.75,108.25
256,1,256,3.25
256,2,252.75,12.25
256,3,240.5,27.25
256,4,213.25,48.25
256,5,165,75.25
256,6,89.75,108.25
257,1,257,3.25
257,2,253.75,12.25
257,3,241.5,27.25
257,4,214.25,48.25
257,5,166,75.25
257,6,90.75,108.25
258,1,258,3.25
258,2,254.75,12.25
258,3,242.5,27.25
258,4,215.25,48.25
258,5,167,75.25
258,6,91.75,108.25
259,1,259,3.25
259,2,255.75,12.25
259,3,243.5,27.25
259,4,216.25,48.25
259,5,168,75.25
259,6,92.75,108.25
260,1,260,3.25
260,2,256.75,12.25
260,3,244.5,27.25
260,4,217.25,48.25
260,5,169,75.25
260,6,93.75,108.25
261,1,261,3.25
261,2,257.75,12.25
261,3,245.5,27.25
261,4,218.25,48.25
261,5,170,75.25
261,6,94.75,108.25
262,1,262,3.25
262,2,258.75,12.25
262,3,246.5,27.25
262,4,219.25,48.25
262,5,171,75.25
262,6,95.75,108.25
263,1,263,3.25
263,2,259.75,12.25
263,3,247.5,27.25
263,4,220.25,48.25
263,5,172,75.25
263,6,96.75,108.25
264,1,264,3.25
264,2,260.75,12.25
264,3,248.5,27.25
264,4,221.25,48.25
264,5,173,75.25
264,6,97.75,108.25
265,1,265,3.25
265,2,261.75,12.25
265,3,249.5,27.25
265,4,222.25,48.25
265,5,174,75.25
265,6,98.75,108.25
266,1,266,3.25
266,2,262.75,12.25
266,3,250.5,27.25
266,4,223.25,48.25
266,5,175,75.25
266,6,99.75,108.25
267,1,267,3.25
267,2,263.75,12.25
267,3,251.5,27.25
267,4,224.25,48.25
267,5,176,75.25
267,6,100.75,108.25
268,1,268,3.25
268,2,264.75,12.25
268,3,252.5,27.25
268,4,225.25,48.25
268,5,177,75.25
268,6,101.75,108.25
269,1,269,3.25
269,2,265.75,12.25
269,3,253.5,27.25
269,4,226.25,48.25
269,5,178,75.25
269,6,102.75,108.25
270,1,270,3.25
270,2,266.75,12.25
270,3,254.5,27.25
270,4,227.25,48.25
270,5,179,75.25
270,6,103.75,108.25
271,1,271,3.25
271,2,267.75,12.25
271,3,255.5,27.25
271,4,228.25,48.25
271,5,180,75.25
271,6,104.75,108.25
272,1,272,3.25
272,2,268.75,12.25
272,3,256.5,27.25
272,4,229.25,48.25
272,5,181,75.25
272,6,105.75,108.25
273,1,273,3.25
273,2,269.75,12.25
273,3,257.5,27.25
273,4,230.25,48.25
273,5,182,75.25
273,6,106.75,108.25
274,1,274,3.25
274,2,270.75,12.25
274,3,258.5,27.25
274,4,231.25,48.25
274,5,183,75.25
274,6,107.75,108.25
275,1,275,3.25
275,2,271.75,12.25
275,3,259.5,27.25
275,4,232.25,48.25
275,5,184,75.25
275,6,108.75,108.25
275,7,0.5,147.25
276,1,276,3.25
276,2,272.75,12.25
276,3,260.5,27.25
276,4,233.25,48.25
276,5,185,75.25
276,6,109.75,108.25
276,7,1.5,147.25
277,1,277,3.25
277,2,273.75,12.25
277,3,261.5,27.25
277,4,234.25,48.25
277,5,186,75.25
277,6,110.75,108.25
277,7,2.5,147.25
278,1,278,3.25
278,2,274.75,12.25
278,3,262.5,27.25
278,4,235.25,48.25
278,5,187,75.25
278,6,111.75,108.25
278,7,3.5,147.25
279,1,279,3.25
279,2,275.75,12.25
279,3,263.5,27.25
279,4,236.25,48.25
279,5,188,75.25
279,6,112.75,108.25
279,7,4.5,147.25
280,1,280,3.25
280,2,276.75,12.25
280,3,264.5,27.25
280,4,237.25,48.25
280,5,189,75.25
280,6,113.75,108.25
280,7,5.5,147.25
281,1,281,3.25
281,2,277.75,12.25
281,3,265.5,27.25
281,4,238.25,48.25
281,5,190,75.25
281,6,114.75,108.25
281,7,6.5,147.25
282,1,282,3.25
282,2,278.75,12.25
282,3,266.5,27.25
282,4,239.25,48.25
282,5,191,75.25
282,6,115.75,108.25
282,7,7.5,147.25
283,1,283,3.25
283,2,279.75,12.25
283,3,267.5,27.25
283,4,240.25,48.25
283,5,192,75.25
283,6,116.75,108.25
283,7,8.5,147.25
284,1,284,3.25
284,2,280.75,12.25
284,3,268.5,27.25
284,4,241.25,48.25
284,5,193,75.25
284,6,117.75,108.25
284,7,9.5,147.25
285,1,285,3.25
285,2,281.75,12.25
285,3,269.5,27.25
285,4,242.25,48.25
285,5,194,75.25
285,6,118.75,108.25
285,7,10.5,147.25
286,1,286,3.25
286,2,282.75,12.25
286,3,270.5,27.25
286,4,243.25,48.25
286,5,195,75.25
286,6,119.75,108.25
286,7,11.5,147.25
287,1,287,3.25
287,2,283.75,12.25
287,3,271.5,27.25
287,4,244.25,48.25
287,5,196,75.25
287,6,120.75,108.25
287,7,12.5,147.25
288,1,288,3.25
288,2,284.75,12.25
288,3,272.5,27.25
288,4,245.25,48.25
288,5,197,75.25
288,6,121.75,108.25
288,7,13.5,147.25
289,1,289,3.25
289,2,285.75,12.25
289,3,273.5,27.25
289,4,246.25,48.25
289,5,198,75.25
289,6,122.75,108.25
289,7,14.5,147.25
290,1,290,3.25
290,2,286.75,12.25
290,3,274.5,27.25
290,4,247.25,48.25
290,5,199,75.25
290,6,123.75,108.25
290,7,15.5,147.25
291,1,291,3.25
291,2,287.75,12.25
291,3,275.5,27.25
291,4,248.25,48.25
291,5,200,75.25
291,6,124.75,108.25
291,7,16.5,147.25
292,1,292,3.25
292,2,288.75,12.25
292,3,276.5,27.25
292,4,249.25,48.25
292,5,201,75.25
292,6,125.75,108.25
292,7,17.5,147.25
293,1,293,3.25
293,2,289.75,12.25
293,3,277.5,27.25
293,4,250.25,48.25
293,5,202,75.25
293,6,126.75,108.25
293,7,18.5,147.25
294,1,294,3.25
294,2,290.75,12.25
294,3,278.5,27.25
294,4,251.25,48.25
294,5,203,75.25
294,6,127.75,108.25
294,7,19.5,147.25
295,1,295,3.25
295,2,291.75,12.25
295,3,279.5,27.25
295,4,252.25,48.25
295,5,204,75.25
295,6,128.75,108.25
295,7,20.5,147.25
296,1,296,3.25
296,2,292.75,12.25
296,3,280.5,27.25
296,4,253.25,48.25
296,5,205,75.25
296,6,129.75,108.25
296,7,21.5,147.25
297,1,297,3.25
297,2,293.75,12.25
297,3,281.5,27.25
297,4,254.25,48.25
297,5,206,75.25
297,6,130.75,108.25
297,7,22.5,147.25
298,1,298,3.25
298,2,294.75,12.25
298,3,282.5,27.25
298,4,255.25,48.25
298,5,207,75.25
298,6,131.75,108.25
298,7,23.5,147.25
299,1,299,3.25
299,2,295.75,12.25
299,3,283.5,27.25
299,4,256.25,48.25
299,5,208,75.25
299,6,132.75,108.25
299,7,24.5,147.25
300,1,300,3.25
300,2,296.75,12.25
300,3,284.5,27.25
300,4,257.25,48.25
300,5,209,75.25
300,6,133.75,108.25
300,7,25.5,147.25
301,1,301,3.25
301,2,297.75,12.25
301,3,285.5,27.25
301,4,258.25,48.25
301,5,210,75.25
301,6,134.75,108.25
301,7,26.5,147.25
302,1,302,3.25
302,2,298.75,12.25
302,3,286.5,27.25
302,4,259.25,48.25
302,5,211,75.25
302,6,135.75,108.25
302,7,27.5,147.25
303,1,303,3.25
303,2,299.75,12.25
303,3,287.5,27.25
303,4,260.25,48.25
303,5,212,75.25
303,6,136.75,108.25
303,7,28.5,147.25
304,1,304,3.25
304,2,300.75,12.25
304,3,288.5,27.25
304,4,261.25,48.25
304,5,213,75.25
304,6,137.75,108.25
304,7,29.5,147.25
305,1,305,3.25
305,2,301.75,12.25
305,3,289.5,27.25
305,4,262.25,48.25
305,5,214,75.25
305,6,138.75,108.25
305,7,30.5,147.25
306,1,306,3.25
306,2,302.75,12.25
306,3,290.5,27.25
306,4,263.25,48.25
306,5,215,75.25
306,6,139.75,108.25
306,7,31.5,147.25
307,1,307,3.25
307,2,303.75,12.25
307,3,291.5,27.25
307,4,264.25,48.25
307,5,216,75.25
307,6,140.75,108.25
307,7,32.5,147.25
308,1,308,3.25
308,2,304.75,12.25
308,3,292.5,27.25
308,4,265.25,48.25
308,5,217,75.25
308,6,141.75,108.25
308,7,33.5,147.25
309,1,309,3.25
309,2,305.75,12.25
309,3,293.5,27.25
309,4,266.25,48.25
309,5,218,75.25
309,6,142.75,108.25
309,7,34.5,147.25
310,1,310,3.25
310,2,306.75,12.25
310,3,294.5,27.25
310,4,267.25,48.25
310,5,219,75.25
310,6,143.75,108.25
310,7,35.5,147.25
311,1,311,3.25
311,2,307.75,12.25
311,3,295.5,27.25
311,4,268.25,48.25
311,5,220,75.25
311,6,144.75,108.25
311,7,36.5,147.25
312,1,312,3.25
312,2,308.75,12.25
312,3,296.5,27.25
312,4,269.25,48.25
312,5,221,75.25
312,6,145.75,108.25
312,7,37.5,147.25
313,1,313,3.25
313,2,309.75,12.25
313,3,297.5,27.25
313,4,270.25,48.25
313,5,222,75.25
313,6,146.75,108.25
313,7,38.5,147.25
314,1,314,3.25
314,2,310.75,12.25
314,3,298.5,27.25
314,4,271.25,48.25
314,5,223,75.25
314,6,147.75,108.25
314,7,39.5,147.25
315,1,315,3.25
315,2,311.75,12.25
315,3,299.5,27.25
315,4,272.25,48.25
315,5,224,75.25
315,6,148.75,108.25
315,7,40.5,147.25
316,1,316,3.25
316,2,312.75,12.25
316,3,300.5,27.25
316,4,273.25,48.25
316,5,225,75.25
316,6,149.75,108.25
316,7,41.5,147.25
317,1,317,3.25
317,2,313.75,12.25
317,3,301.5,27.25
317,4,274.25,48.25
317,5,226,75.25
317,6,150.75,108.25
317,7,42.5,147.25
318,1,318,3.25
318,2,314.75,12.25
318,3,302.5,27.25
318,4,275.25,48.25
318,5,227,75.25
318,6,151.75,108.25
318,7,43.5,147.25
319,1,319,3.25
319,2,315.75,12.25
319,3,303.5,27.25
319,4,276.25,48.25
319,5,228,75.25
319,6,152.75,108.25
319,7,44.5,147.25
320,1,320,3.25
320,2,316.75,12.25
320,3,304.5,27.25
320,4,277.25,48.25
320,5,229,75.25
320,6,153.75,108.25
320,7,45.5,147.25
321,1,321,3.25
321,2,317.75,12.25
321,3,305.5,27.25
321,4,278.25,48.25
321,5,230,75.25
321,6,154.75,108.25
321,7,46.5,147.25
322,1,322,3.25
322,2,318.75,12.25
322,3,306.5,27.25
322,4,279.25,48.25
322,5,231,75.25
322,6,155.75,108.25
322,7,47.5,147.25
323,1,323,3.25
323,2,319.75,12.25
323,3,307.5,27.25
323,4,280.25,48.25
323,5,232,75.25
323,6,156.75,108.25
323,7,48.5,147.25
324,1,324,3.25
324,2,320.75,12.25
324,3,308.5,27.25
324,4,281.25,48.25
324,5,233,75.25
324,6,157.75,108.25
324,7,49.5,147.25
325,1,325,3.25
325,2,321.75,12.25
325,3,309.5,27.25
325,4,282.25,48.25
325,5,234,75.25
325,6,158.75,108.25
325,7,50.5,147.25
326,1,326,3.25
326,2,322.75,12.25
326,3,310.5,27.25
326,4,283.25,48.25
326,5,235,75.25
326,6,159.75,108.25
326,7,51.5,147.25
327,1,327,3.25
327,2,323.75,12.25
327,3,311.5,27.25
327,4,284.25,48.25
327,5,236,75.25
327,6,160.75,108.25
327,7,52.5,147.25
328,1,328,3.25
328,2,324.75,12.25
328,3,312.5,27.25
328,4,285.25,48.25
328,5,237,75.25
328,6,161.75,108.25
328,7,53.5,147.25
329,1,329,3.25
329,2,325.75,12.25
329,3,313.5,27.25
329,4,286.25,48.25
329,5,238,75.25
329,6,162.75,108.25
329,7,54.5,147.25
330,1,330,3.25
330,2,326.75,12.25
330,3,314.5,27.25
330,4,287.25,48.25
330,5,239,75.25
330,6,163.75,108.25
330,7,55.5,147.25
331,1,331,3.25
331,2,327.75,12.25
331,3,315.5,27.25
331,4,288.25,48.25
331,5,240,75.25
331,6,164.75,108.25
331,7,56.5,147.25
332,1,332,3.25
332,2,328.75,12.25
332,3,316.5,27.25
332,4,289.25,48.25
332,5,241,75.25
332,6,165.75,108.25
332,7,57.5,147.25
333,1,333,3.25
333,2,329.75,12.25
333,3,317.5,27.25
333,4,290.25,48.25
333,5,242,75.25
333,6,166.75,108.25
333,7,58.5,147.25
334,1,334,3.25
334,2,330.75,12.25
334,3,318.5,27.25
334,4,291.25,48.25
334,5,243,75.25
334,6,167.75,108.25
334,7,59.5,147.25
335,1,335,3.25
335,2,331.75,12.25
335,3,319.5,27.25
335,4,292.25,48.25
335,5,244,75.25
335,6,168.75,108.25
335,7,60.5,147.25
336,1,336,3.25
336,2,332.75,12.25
336,3,320.5,27.25
336,4,293.25,48.25
336,5,245,75.25
336,6,169.75,108.25
336,7,61.5,147.25
337,1,337,3.25
337,2,333.75,12.25
337,3,321.5,27.25
337,4,294.25,48.25
337,5,246,75.25
337,6,170.75,108.25
337,7,62.5,147.25
338,1,338,3.25
338,2,334.75,12.25
338,3,322.5,27.25
338,4,295.25,48.25
338,5,247,75.25
338,6,171.75,108.25
338,7,63.5,147.25
339,1,339,3.25
339,2,335.75,12.25
339,3,323.5,27.25
339,4,296.25,48.25
339,5,248,75.25
339,6,172.75,108.25
339,7,64.5,147.25
340,1,340,3.25
340,2,336.75,12.25
340,3,324.5,27.25
340,4,297.25,48.25
340,5,249,75.25
340,6,173.75,108.25
340,7,65.5,147.25
341,1,341,3.25
341,2,337.75,12.25
341,3,325.5,27.25
341,4,298.25,48.25
341,5,250,75.25
341,6,174.75,108.25
341,7,66.5,147.25
342,1,342,3.25
342,2,338.75,12.25
342,3,326.5,27.25
342,4,299.25,48.25
342,5,251,75.25
342,6,175.75,108.25
342,7,67.5,147.25
343,1,343,3.25
343,2,339.75,12.25
343,3,327.5,27.25
343,4,300.25,48.25
343,5,252,75.25
343,6,176.75,108.25
343,7,68.5,147.25
344,1,344,3.25
344,2,340.75,12.25
344,3,328.5,27.25
344,4,301.25,48.25
344,5,253,75.25
344,6,177.75,108.25
344,7,69.5,147.25
345,1,345,3.25
345,2,341.75,12.25
345,3,329.5,27.25
345,4,302.25,48.25
345,5,254,75.25
345,6,178.75,108.25
345,7,70.5,147.25
346,1,346,3.25
346,2,342.75,12.25
346,3,330.5,27.25
346,4,303.25,48.25
346,5,255,75.25
346,6,179.75,108.25
346,7,71.5,147.25
347,1,347,3.25
347,2,343.75,12.25
347,3,331.5,27.25
347,4,304.25,48.25
347,5,256,75.25
347,6,180.75,108.25
347,7,72.5,147.25
348,1,348,3.25
348,2,344.75,12.25
348,3,332.5,27.25
348,4,305.25,48.25
348,5,257,75.25
348,6,181.75,108.25
348,7,73.5,147.25
349,1,349,3.25
349,2,345.75,12.25
349,3,333.5,27.25
349,4,306.25,48.25
349,5,258,75.25
349,6,182.75,108.25
349,7,74.5,147.25
350,1,350,3.25
350,2,346.75,12.25
350,3,334.5,27.25
350,4,307.25,48.25
350,5,259,75.25
350,6,183.75,108.25
350,7,75.5,147.25
351,1,351,3.25
351,2,347.75,12.25
351,3,335.5,27.25
351,4,308.25,48.25
351,5,260,75.25
351,6,184.75,108.25
351,7,76.5,147.25
352,1,352,3.25
352,2,348.75,12.25
352,3,336.5,27.25
352,4,309.25,48.25
352,5,261,75.25
352,6,185.75,108.25
352,7,77.5,147.25
353,1,353,3.25
353,2,349.75,12.25
353,3,337.5,27.25
353,4,310.25,48.25
353,5,262,75.25
353,6,186.75,108.25
353,7,78.5,147.25
354,1,354,3.25
354,2,350.75,12.25
354,3,338.5,27.25
354,4,311.25,48.25
354,5,263,75.25
354,6,187.75,108.25
354,7,79.5,147.25
355,1,355,3.25
355,2,351.75,12.25
355,3,339.5,27.25
355,4,312.25,48.25
355,5,264,75.25
355,6,188.75,108.25
355,7,80.5,147.25
356,1,356,3.25
356,2,352.75,12.25
356,3,340.5,27.25
356,4,313.25,48.25
356,5,265,75.25
356,6,189.75,108.25
356,7,81.5,147.25
357,1,357,3.25
357,2,353.75,12.25
357,3,341.5,27.25
357,4,314.25,48.25
357,5,266,75.25
357,6,190.75,108.25
357,7,82.5,147.25
358,1,358,3.25
358,2,354.75,12.25
358,3,342.5,27.25
358,4,315.25,48.25
358,5,267,75.25
358,6,191.75,108.25
358,7,83.5,147.25
359,1,359,3.25
359,2,355.75,12.25
359,3,343.5,27.25
359,4,316.25,48.25
359,5,268,75.25
359,6,192.75,108.25
359,7,84.5,147.25
360,1,360,3.25
360,2,356.75,12.25
360,3,344.5,27.25
360,4,317.25,48.25
360,5,269,75.25
360,6,193.75,108.25
360,7,85.5,147.25
361,1,361,3.25
361,2,357.75,12.25
361,3,345.5,27.25
361,4,318.25,48.25
361,5,270,75.25
361,6,194.75,108.25
361,7,86.5,147.25
362,1,362,3.25
362,2,358.75,12.25
362,3,346.5,27.25
362,4,319.25,48.25
362,5,271,75.25
362,6,195.75,108.25
362,7,87.5,147.25
363,1,363,3.25
363,2,359.75,12.25
363,3,347.5,27.25
363,4,320.25,48.25
363,5,272,75.25
363,6,196.75,108.25
363,7,88.5,147.25
364,1,364,3.25
364,2,360.75,12.25
364,3,348.5,27.25
364,4,321.25,48.25
364,5,273,75.25
364,6,197.75,108.25
364,7,89.5,147.25
365,1,365,3.25
365,2,361.75,12.25
365,3,349.5,27.25
365,4,322.25,48.25
365,5,274,75.25
365,6,198.75,108.25
365,7,90.5,147.25
366,1,366,3.25
366,2,362.75,12.25
366,3,350.5,27.25
366,4,323.25,48.25
366,5,275,75.25
366,6,199.75,108.25
366,7,91.5,147.25
367,1,367,3.25
367,2,363.75,12.25
367,3,351.5,27.25
367,4,324.25,48.25
367,5,276,75.25
367,6,200.75,108.25
367,7,92.5,147.25
368,1,368,3.25
368,2,364.75,12.25
368,3,352.5,27.25
368,4,325.25,48.25
368,5,277,75.25
368,6,201.75,108.25
368,7,93.5,147.25
369,1,369,3.25
369,2,365.75,12.25
369,3,353.5,27.25
369,4,326.25,48.25
369,5,278,75.25
369,6,202.75,108.25
369,7,94.5,147.25
370,1,370,3.25
370,2,366.75,12.25
370,3,354.5,27.25
370,4,327.25,48.25
370,5,279,75.25
370,6,203.75,108.25
370,7,95.5,147.25
371,1,371,3.25
371,2,367.75,12.25
371,3,355.5,27.25
371,4,328.25,48.25
371,5,280,75.25
371,6,204.75,108.25
371,7,96.5,147.25
372,1,372,3.25
372,2,368.75,12.25
372,3,356.5,27.25
372,4,329.25,48.25
372,5,281,75.25
372,6,205.75,108.25
372,7,97.5,147.25
373,1,373,3.25
373,2,369.75,12.25
373,3,357.5,27.25
373,4,330.25,48.25
373,5,282,75.25
373,6,206.75,108.25
373,7,98.5,147.25
374,1,374,3.25
374,2,370.75,12.25
374,3,358.5,27.25
374,4,331.25,48.25
374,5,283,75.25
374,6,207.75,108.25
374,7,99.5,147.25
375,1,375,3.25
375,2,371.75,12.25
375,3,359.5,27.25
375,4,332.25,48.25
375,5,284,75.25
375,6,208.75,108.25
375,7,100.5,147.25
376,1,376,3.25
376,2,372.75,12.25
376,3,360.5,27.25
376,4,333.25,48.25
376,5,285,75.25
376,6,209.75,108.25
376,7,101.5,147.25
377,1,377,3.25
377,2,373.75,12.25
377,3,361.5,27.25
377,4,334.25,48.25
377,5,286,75.25
377,6,210.75,108.25
377,7,102.5,147.25
378,1,378,3.25
378,2,374.75,12.25
378,3,362.5,27.25
378,4,335.25,48.25
378,5,287,75.25
378,6,211.75,108.25
378,7,103.5,147.25
379,1,379,3.25
379,2,375.75,12.25
379,3,363.5,27.25
379,4,336.25,48.25
379,5,288,75.25
379,6,212.75,108.25
379,7,104.5,147.25
380,1,380,3.25
380,2,376.75,12.25
380,3,364.5,27.25
380,4,337.25,48.25
380,5,289,75.25
380,6,213.75,108.25
380,7,105.5,147.25
381,1,381,3.25
381,2,377.75,12.25
381,3,365.5,27.25
381,4,338.25,48.25
381,5,290,75.25
381,6,214.75,108.25
381,7,106.5,147.25
382,1,382,3.25
382,2,378.75,12.25
382,3,366.5,27.25
382,4,339.25,48.25
382,5,291,75.25
382,6,215.75,108.25
382,7,107.5,147.25
383,1,383,3.25
383,2,379.75,12.25
383,3,367.5,27.25
383,4,340.25,48.25
383,5,292,75.25
383,6,216.75,108.25
383,7,108.5,147.25
384,1,384,3.25
384,2,380.75,12.25
384,3,368.5,27.25
384,4,341.25,48.25
384,5,293,75.25
384,6,217.75,108.25
384,7,109.5,147.25
385,1,385,3.25
385,2,381.75,12.25
385,3,369.5,27.25
385,4,342.25,48.25
385,5,294,75.25
385,6,218.75,108.25
385,7,110.5,147.25
386,1,386,3.25
386,2,382.75,12.25
386,3,370.5,27.25
386,4,343.25,48.25
386,5,295,75.25
386,6,219.75,108.25
386,7,111.5,147.25
387,1,387,3.25
387,2,383.75,12.25
387,3,371.5,27.25
387,4,344.25,48.25
387,5,296,75.25
387,6,220.75,108.25
387,7,112.5,147.25
388,1,388,3.25
388,2,384.75,12.25
388,3,372.5,27.25
388,4,345.25,48.25
388,5,297,75.25
388,6,221.75,108.25
388,7,113.5,147.25
389,1,389,3.25
389,2,385.75,12.25
389,3,373.5,27.25
389,4,346.25,48.25
389,5,298,75.25
389,6,222.75,108.25
389,7,114.5,147.25
390,1,390,3.25
390,2,386.75,12.25
390,3,374.5,27.25
390,4,347.25,48.25
390,5,299,75.25
390,6,223.75,108.25
390,7,115.5,147.25
391,1,391,3.25
391,2,387.75,12.25
391,3,375.5,27.25
391,4,348.25,48.25
391,5,300,75.25
391,6,224.75,108.25
391,7,116.5,147.25
392,1,392,3.25
392,2,388.75,12.25
392,3,376.5,27.25
392,4,349.25,48.25
392,5,301,75.25
392,6,225.75,108.25
392,7,117.5,147.25
393,1,393,3.25
393,2,389.75,12.25
393,3,377.5,27.25
393,4,350.25,48.25
393,5,302,75.25
393,6,226.75,108.25
393,7,118.5,147.25
394,1,394,3.25
394,2,390.75,12.25
394,3,378.5,27.25
394,4,351.25,48.25
394,5,303,75.25
394,6,227.75,108.25
394,7,119.5,147.25
395,1,395,3.25
395,2,391.75,12.25
395,3,379.5,27.25
395,4,352.25,48.25
395,5,304,75.25
395,6,228.75,108.25
395,7,120.5,147.25
396,1,396,3.25
396,2,392.75,12.25
396,3,380.5,27.25
396,4,353.25,48.25
396,5,305,75.25
396,6,229.75,108.25
396,7,121.5,147.25
397,1,397,3.25
397,2,393.75,12.25
397,3,381.5,27.25
397,4,354.25,48.25
397,5,306,75.25
397,6,230.75,108.25
397,7,122.5,147.25
398,1,398,3.25
398,2,394.75,12.25
398,3,382.5,27.25
398,4,355.25,48.25
398,5,307,75.25
398,6,231.75,108.25
398,7,123.5,147.25
399,1,399,3.25
399,2,395.75,12.25
399,3,383.5,27.25
399,4,356.25,48.25
399,5,308,75.25
399,6,232.75,108.25
399,7,124.5,147.25
400,1,400,3.25
400,2,396.75,12.25
400,3,384.5,27.25
400,4,357.25,48.25
400,5,309,75.25
400,6,233.75,108.25
400,7,125.5,147.25
401,1,401,3.25
401,2,397.75,12.25
401,3,385.5,27.25
401,4,358.25,48.25
401,5,310,75.25
401,6,234.75,108.25
401,7,126.5,147.25
402,1,402,3.25
402,2,398.75,12.25
402,3,386.5,27.25
402,4,359.25,48.25
402,5,311,75.25
402,6,235.75,108.25
402,7,127.5,147.25
403,1,403,3.25
403,2,399.75,12.25
403,3,387.5,27.25
403,4,360.25,48.25
403,5,312,75.25
403,6,236.75,108.25
403,7,128.5,147.25
404,1,404,3.25
404,2,400.75,12.25
404,3,388.5,27.25
404,4,361.25,48.25
404,5,313,75.25
404,6,237.75,108.25
404,7,129.5,147.25
405,1,405,3.25
405,2,401.75,12.25
405,3,389.5,27.25
405,4,362.25,48.25
405,5,314,75.25
405,6,238.75,108.25
405,7,130.5,147.25
406,1,406,3.25
406,2,402.75,12.25
406,3,390.5,27.25
406,4,363.25,48.25
406,5,315,75.25
406,6,239.75,108.25
406,7,131.5,147.25
407,1,407,3.25
407,2,403.75,12.25
407,3,391.5,27.25
407,4,364.25,48.25
407,5,316,75.25
407,6,240.75,108.25
407,7,132.5,147.25
408,1,408,3.25
408,2,404.75,12.25
408,3,392.5,27.25
408,4,365.25,48.25
408,5,317,75.25
408,6,241.75,108.25
408,7,133.5,147.25
409,1,409,3.25
409,2,405.75,12.25
409,3,393.5,27.25
409,4,366.25,48.25
409,5,318,75.25
409,6,242.75,108.25
409,7,134.5,147.25
410,1,410,3.25
410,2,406.75,12.25
410,3,394.5,27.25
410,4,367.25,48.25
410,5,319,75.25
410,6,243.75,108.25
410,7,135.5,147.25
411,1,411,3.25
411,2,407.75,12.25
411,3,395.5,27.25
411,4,368.25,48.25
411,5,320,75.25
411,6,244.75,108.25
411,7,136.5,147.25
412,1,412,3.25
412,2,408.75,12.25
412,3,396.5,27.25
412,4,369.25,48.25
412,5,321,75.25
412,6,245.75,108.25
412,7,137.5,147.25
413,1,413,3.25
413,2,409.75,12.25
413,3,397.5,27.25
413,4,370.25,48.25
413,5,322,75.25
413,6,246.75,108.25
413,7,138.5,147.25
414,1,414,3.25
414,2,410.75,12.25
414,3,398.5,27.25
414,4,371.25,48.25
414,5,323,75.25
414,6,247.75,108.25
414,7,139.5,147.25
415,1,415,3.25
415,2,411.75,12.25
415,3,399.5,27.25
415,4,372.25,48.25
415,5,324,75.25
415,6,248.75,108.25
415,7,140.5,147.25
416,1,416,3.25
416,2,412.75,12.25
416,3,400.5,27.25
416,4,373.25,48.25
416,5,325,75.25
416,6,249.75,108.25
416,7,141.5,147.25
417,1,417,3.25
417,2,413.75,12.25
417,3,401.5,27.25
417,4,374.25,48.25
417,5,326,75.25
417,6,250.75,108.25
417,7,142.5,147.25
418,1,418,3.25
418,2,414.75,12.25
418,3,402.5,27.25
418,4,375.25,48.25
418,5,327,75.25
418,6,251.75,108.25
418,7,143.5,147.25
419,1,419,3.25
419,2,415.75,12.25
419,3,403.5,27.25
419,4,376.25,48.25
419,5,328,75.25
419,6,252.75,108.25
419,7,144.5,147.25
420,1,420,3.25
420,2,416.75,12.25
420,3,404.5,27.25
420,4,377.25,48.25
420,5,329,75.25
420,6,253.75,108.25
420,7,145.5,147.25
421,1,421,3.25
421,2,417.75,12.25
421,3,405.5,27.25
421,4,378.25,48.25
421,5,330,75.25
421,6,254.75,108.25
421,7,146.5,147.25
422,1,422,3.25
422,2,418.75,12.25
422,3,406.5,27.25
422,4,379.25,48.25
422,5,331,75.25
422,6,255.75,108.25
422,7,147.5,147.25
422,8,0.25,192.25
423,1,423,3.25
423,2,419.75,12.25
423,3,407.5,27.25
423,4,380.25,48.25
423,5,332,75.25
423,6,256.75,108.25
423,7,148.5,147.25
423,8,1.25,192.25
424,1,424,3.25
424,2,420.75,12.25
424,3,408.5,27.25
424,4,381.25,48.25
424,5,333,75.25
424,6,257.75,108.25
424,7,149.5,147.25
424,8,2.25,192.25
425,1,425,3.25
425,2,421.75,12.25
425,3,409.5,27.25
425,4,382.25,48.25
425,5,334,75.25
425,6,258.75,108.25
425,7,150.5,147.25
425,8,3.25,192.25
426,1,426,3.25
426,2,422.75,12.25
426,3,410.5,27.25
426,4,383.25,48.25
426,5,335,75.25
426,6,259.75,108.25
426,7,151.5,147.25
426,8,4.25,192.25
427,1,427,3.25
427,2,423.75,12.25
427,3,411.5,27.25
427,4,384.25,48.25
427,5,336,75.25
427,6,260.75,108.25
427,7,152.5,147.25
427,8,5.25,192.25
428,1,428,3.25
428,2,424.75,12.25
428,3,412.5,27.25
428,4,385.25,48.25
428,5,337,75.25
428,6,261.75,108.25
428,7,153.5,147.25
428,8,6.25,192.25
429,1,429,3.25
429,2,425.75,12.25
429,3,413.5,27.25
429,4,386.25,48.25
429,5,338,75.25
429,6,262.75,108.25
429,7,154.5,147.25
429,8,7.25,192.25
430,1,430,3.25
430,2,426.75,12.25
430,3,414.5,27.25
430,4,387.25,48.25
430,5,339,75.25
430,6,263.75,108.25
430,7,155.5,147.25
430,8,8.25,192.25
431,1,431,3.25
431,2,427.75,12.25
431,3,415.5,27.25
431,4,388.25,48.25
431,5,340,75.25
431,6,264.75,108.25
431,7,156.5,147.25
431,8,9.25,192.25
432,1,432,3.25
432,2,428.75,12.25
432,3,416.5,27.25
432,4,389.25,48.25
432,5,341,75.25
432,6,265.75,108.25
432,7,157.5,147.25
432,8,10.25,192.25
433,1,433,3.25
433,2,429.75,12.25
433,3,417.5,27.25
433,4,390.25,48.25
433,5,342,75.25
433,6,266.75,108.25
433,7,158.5,147.25
433,8,11.25,192.25
434,1,434,3.25
434,2,430.75,12.25
434,3,418.5,27.25
434,4,391.25,48.25
434,5,343,75.25
434,6,267.75,108.25
434,7,159.5,147.25
434,8,12.25,192.25
435,1,435,3.25
435,2,431.75,12.25
435,3,419.5,27.25
435,4,392.25,48.25
435,5,344,75.25
435,6,268.75,108.25
435,7,160.5,147.25
435,8,13.25,192.25
436,1,436,3.25
436,2,432.75,12.25
436,3,420.5,27.25
436,4,393.25,48.25
436,5,345,75.25
436,6,269.75,108.25
436,7,161.5,147.25
436,8,14.25,192.25
437,1,437,3.25
437,2,433.75,12.25
437,3,421.5,27.25
437,4,394.25,48.25
437,5,346,75.25
437,6,270.75,108.25
437,7,162.5,147.25
437,8,15.25,192.25
438,1,438,3.25
438,2,434.75,12.25
438,3,422.5,27.25
438,4,395.25,48.25
438,5,347,75.25
438,6,271.75,108.25
438,7,163.5,147.25
438,8,16.25,192.25
439,1,439,3.25
439,2,435.75,12.25
439,3,423.5,27.25
439,4,396.25,48.25
439,5,348,75.25
439,6,272.75,108.25
439,7,164.5,147.25
439,8,17.25,192.25
440,1,440,3.25
440,2,436.75,12.25
440,3,424.5,27.25
440,4,397.25,48.25
440,5,349,75.25
440,6,273.75,108.25
440,7,165.5,147.25
440,8,18.25,192.25
441,1,441,3.25
441,2,437.75,12.25
441,3,425.5,27.25
441,4,398.25,48.25
441,5,350,75.25
441,6,274.75,108.25
441,7,166.5,147.25
441,8,19.25,192.25
442,1,442,3.25
442,2,438.75,12.25
442,3,426.5,27.25
442,4,399.25,48.25
442,5,351,75.25
442,6,275.75,108.25
442,7,167.5,147.25
442,8,20.25,192.25
443,1,443,3.25
443,2,439.75,12.25
443,3,427.5,27.25
443,4,400.25,48.25
443,5,352,75.25
443,6,276.75,108.25
443,7,168.5,147.25
443,8,21.25,192.25
444,1,444,3.25
444,2,440.75,12.25
444,3,428.5,27.25
444,4,401.25,48.25
444,5,353,75.25
444,6,277.75,108.25
444,7,169.5,147.25
444,8,22.25,192.25
445,1,445,3.25
445,2,441.75,12.25
445,3,429.5,27.25
445,4,402.25,48.25
445,5,354,75.25
445,6,278.75,108.25
445,7,170.5,147.25
445,8,23.25,192.25
446,1,446,3.25
446,2,442.75,12.25
446,3,430.5,27.25
446,4,403.25,48.25
446,5,355,75.25
446,6,279.75,108.25
446,7,171.5,147.25
446,8,24.25,192.25
447,1,447,3.25
447,2,443.75,12.25
447,3,431.5,27.25
447,4,404.25,48.25
447,5,356,75.25
447,6,280.75,108.25
447,7,172.5,147.25
447,8,25.25,192.25
448,1,448,3.25
448,2,444.75,12.25
448,3,432.5,27.25
448,4,405.25,48.25
448,5,357,75.25
448,6,281.75,108.25
448,7,173.5,147.25
448,8,26.25,192.25
449,1,449,3.25
449,2,445.75,12.25
449,3,433.5,27.25
449,4,406.25,48.25
449,5,358,75.25
449,6,282.75,108.25
449,7,174.5,147.25
449,8,27.25,192.25
450,1,450,3.25
450,2,446.75,12.25
450,3,434.5,27.25
450,4,407.25,48.25
450,5,359,75.25
450,6,283.75,108.25
450,7,175.5,147.25
450,8,28.25,192.25
451,1,451,3.25
451,2,447.75,12.25
451,3,435.5,27.25
451,4,408.25,48.25
451,5,360,75.25
451,6,284.75,108.25
451,7,176.5,147.25
451,8,29.25,192.25
452,1,452,3.25
452,2,448.75,12.25
452,3,436.5,27.25
452,4,409.25,48.25
452,5,361,75.25
452,6,285.75,108.25
452,7,177.5,147.25
452,8,30.25,192.25
453,1,453,3.25
453,2,449.75,12.25
453,3,437.5,27.25
453,4,410.25,48.25
453,5,362,75.25
453,6,286.75,108.25
453,7,178.5,147.25
453,8,31.25,192.25
454,1,454,3.25
454,2,450.75,12.25
454,3,438.5,27.25
454,4,411.25,48.25
454,5,363,75.25
454,6,287.75,108.25
454,7,179.5,147.25
454,8,32.25,192.25
455,1,455,3.25
455,2,451.75,12.25
455,3,439.5,27.25
455,4,412.25,48.25
455,5,364,75.25
455,6,288.75,108.25
455,7,180.5,147.25
455,8,33.25,192.25
456,1,456,3.25
456,2,452.75,12.25
456,3,440.5,27.25
456,4,413.25,48.25
456,5,365,75.25
456,6,289.75,108.25
456,7,181.5,147.25
456,8,34.25,192.25
457,1,457,3.25
457,2,453.75,12.25
457,3,441.5,27.25
457,4,414.25,48.25
457,5,366,75.25
457,6,290.75,108.25
457,7,182.5,147.25
457,8,35.25,192.25
458,1,458,3.25
458,2,454.75,12.25
458,3,442.5,27.25
458,4,415.25,48.25
458,5,367,75.25
458,6,291.75,108.25
458,7,183.5,147.25
458,8,36.25,192.25
459,1,459,3.25
459,2,455.75,12.25
459,3,443.5,27.25
459,4,416.25,48.25
459,5,368,75.25
459,6,292.75,108.25
459,7,184.5,147.25
459,8,37.25,192.25
460,1,460,3.25
460,2,456.75,12.25
460,3,444.5,27.25
460,4,417.25,48.25
460,5,369,75.25
460,6,293.75,108.25
460,7,185.5,147.25
460,8,38.25,192.25
461,1,461,3.25
461,2,457.75,12.25
461,3,445.5,27.25
461,4,418.25,48.25
461,5,370,75.25
461,6,294.75,108.25
461,7,186.5,147.25
461,8,39.25,192.25
462,1,462,3.25
462,2,458.75,12.25
462,3,446.5,27.25
462,4,419.25,48.25
462,5,371,75.25
462,6,295.75,108.25
462,7,187.5,147.25
462,8,40.25,192.25
463,1,463,3.25
463,2,459.75,12.25
463,3,447.5,27.25
463,4,420.25,48.25
463,5,372,75.25
463,6,296.75,108.25
463,7,188.5,147.25
463,8,41.25,192.25
464,1,464,3.25
464,2,460.75,12.25
464,3,448.5,27.25
464,4,421.25,48.25
464,5,373,75.25
464,6,297.75,108.25
464,7,189.5,147.25
464,8,42.25,192.25
465,1,465,3.25
465,2,461.75,12.25
465,3,449.5,27.25
465,4,422.25,48.25
465,5,374,75.25
465,6,298.75,108.25
465,7,190.5,147.25
465,8,43.25,192.25
466,1,466,3.25
466,2,462.75,12.25
466,3,450.5,27.25
466,4,423.25,48.25
466,5,375,75.25
466,6,299.75,108.25
466,7,191.5,147.25
466,8,44.25,192.25
467,1,467,3.25
467,2,463.75,12.25
467,3,451.5,27.25
467,4,424.25,48.25
467,5,376,75.25
467,6,300.75,108.25
467,7,192.5,147.25
467,8,45.25,192.25
468,1,468,3.25
468,2,464.75,12.25
468,3,452.5,27.25
468,4,425.25,48.25
468,5,377,75.25
468,6,301.75,108.25
468,7,193.5,147.25
468,8,46.25,192.25
469,1,469,3.25
469,2,465.75,12.25
469,3,453.5,27.25
469,4,426.25,48.25
469,5,378,75.25
469,6,302.75,108.25
469,7,194.5,147.25
469,8,47.25,192.25
470,1,470,3.25
470,2,466.75,12.25
470,3,454.5,27.25
470,4,427.25,48.25
470,5,379,75.25
470,6,303.75,108.25
470,7,195.5,147.25
470,8,48.25,192.25
471,1,471,3.25
471,2,467.75,12.25
471,3,455.5,27.25
471,4,428.25,48.25
471,5,380,75.25
471,6,304.75,108.25
471,7,196.5,147.25
471,8,49.25,192.25
472,1,472,3.25
472,2,468.75,12.25
472,3,456.5,27.25
472,4,429.25,48.25
472,5,381,75.25
472,6,305.75,108.25
472,7,197.5,147.25
472,8,50.25,192.25
473,1,473,3.25
473,2,469.75,12.25
473,3,457.5,27.25
473,4,430.25,48.25
473,5,382,75.25
473,6,306.75,108.25
473,7,198.5,147.25
473,8,51.25,192.25
474,1,474,3.25
474,2,470.75,12.25
474,3,458.5,27.25
474,4,431.25,48.25
474,5,383,75.25
474,6,307.75,108.25
474,7,199.5,147.25
474,8,52.25,192.25
475,1,475,3.25
475,2,471.75,12.25
475,3,459.5,27.25
475,4,432.25,48.25
475,5,384,75.25
475,6,308.75,108.25
475,7,200.5,147.25
475,8,53.25,192.25
476,1,476,3.25
476,2,472.75,12.25
476,3,460.5,27.25
476,4,433.25,48.25
476,5,385,75.25
476,6,309.75,108.25
476,7,201.5,147.25
476,8,54.25,192.25
477,1,477,3.25
477,2,473.75,12.25
477,3,461.5,27.25
477,4,434.25,48.25
477,5,386,75.25
477,6,310.75,108.25
477,7,202.5,147.25
477,8,55.25,192.25
478,1,478,3.25
478,2,474.75,12.25
478,3,462.5,27.25
478,4,435.25,48.25
478,5,387,75.25
478,6,311.75,108.25
478,7,203.5,147.25
478,8,56.25,192.25
479,1,479,3.25
479,2,475.75,12.25
479,3,463.5,27.25
479,4,436.25,48.25
479,5,388,75.25
479,6,312.75,108.25
479,7,204.5,147.25
479,8,57.25,192.25
480,1,480,3.25
480,2,476.75,12.25
480,3,464.5,27.25
480,4,437.25,48.25
480,5,389,75.25
480,6,313.75,108.25
480,7,205.5,147.25
480,8,58.25,192.25
481,1,481,3.25
481,2,477.75,12.25
481,3,465.5,27.25
481,4,438.25,48.25
481,5,390,75.25
481,6,314.75,108.25
481,7,206.5,147.25
481,8,59.25,192.25
482,1,482,3.25
482,2,478.75,12.25
482,3,466.5,27.25
482,4,439.25,48.25
482,5,391,75.25
482,6,315.75,108.25
482,7,207.5,147.25
482,8,60.25,192.25
483,1,483,3.25
483,2,479.75,12.25
483,3,467.5,27.25
483,4,440.25,48.25
483,5,392,75.25
483,6,316.75,108.25
483,7,208.5,147.25
483,8,61.25,192.25
484,1,484,3.25
484,2,480.75,12.25
484,3,468.5,27.25
484,4,441.25,48.25
484,5,393,75.25
484,6,317.75,108.25
484,7,209.5,147.25
484,8,62.25,192.25
485,1,485,3.25
485,2,481.75,12.25
485,3,469.5,27.25
485,4,442.25,48.25
485,5,394,75.25
485,6,318.75,108.25
485,7,210.5,147.25
485,8,63.25,192.25
486,1,486,3.25
486,2,482.75,12.25
486,3,470.5,27.25
486,4,443.25,48.25
486,5,395,75.25
486,6,319.75,108.25
486,7,211.5,147.25
486,8,64.25,192.25
487,1,487,3.25
487,2,483.75,12.25
487,3,471.5,27.25
487,4,444.25,48.25
487,5,396,75.25
487,6,320.75,108.25
487,7,212.5,147.25
487,8,65.25,192.25
488,1,488,3.25
488,2,484.75,12.25
488,3,472.5,27.25
488,4,445.25,48.25
488,5,397,75.25
488,6,321.75,108.25
488,7,213.5,147.25
488,8,66.25,192.25
489,1,489,3.25
489,2,485.75,12.25
489,3,473.5,27.25
489,4,446.25,48.25
489,5,398,75.25
489,6,322.75,108.25
489,7,214.5,147.25
489,8,67.25,192.25
490,1,490,3.25
490,2,486.75,12.25
490,3,474.5,27.25
490,4,447.25,48.25
490,5,399,75.25
490,6,323.75,108.25
490,7,215.5,147.25
490,8,68.25,192.25
491,1,491,3.25
491,2,487.75,12.25
491,3,475.5,27.25
491,4,448.25,48.25
491,5,400,75.25
491,6,324.75,108.25
491,7,216.5,147.25
491,8,69.25,192.25
492,1,492,3.25
492,2,488.75,12.25
492,3,476.5,27.25
492,4,449.25,48.25
492,5,401,75.25
492,6,325.75,108.25
492,7,217.5,147.25
492,8,70.25,192.25
493,1,493,3.25
493,2,489.75,12.25
493,3,477.5,27.25
493,4,450.25,48.25
493,5,402,75.25
493,6,326.75,108.25
493,7,218.5,147.25
493,8,71.25,192.25
494,1,494,3.25
494,2,490.75,12.25
494,3,478.5,27.25
494,4,451.25,48.25
494,5,403,75.25
494,6,327.75,108.25
494,7,219.5,147.25
494,8,72.25,192.25
495,1,495,3.25
495,2,491.75,12.25
495,3,479.5,27.25
495,4,452.25,48.25
495,5,404,75.25
495,6,328.75,108.25
495,7,220.5,147.25
495,8,73.25,192.25
496,1,496,3.25
496,2,492.75,12.25
496,3,480.5,27.25
496,4,453.25,48.25
496,5,405,75.25
496,6,329.75,108.25
496,7,221.5,147.25
496,8,74.25,192.25
497,1,497,3.25
497,2,493.75,12.25
497,3,481.5,27.25
497,4,454.25,48.25
497,5,406,75.25
497,6,330.75,108.25
497,7,222.5,147.25
497,8,75.25,192.25
498,1,498,3.25
498,2,494.75,12.25
498,3,482.5,27.25
498,4,455.25,48.25
498,5,407,75.25
498,6,331.75,108.25
498,7,223.5,147.25
498,8,76.25,192.25
499,1,499,3.25
499,2,495.75,12.25
499,3,483.5,27.25
499,4,456.25,48.25
499,5,408,75.25
499,6,332.75,108.25
499,7,224.5,147.25
499,8,77.25,192.25
0,1,0,3.25
1,1,1,3.25
2,1,2,3.25
3,1,3,3.25
4,1,4,3.25
4,2,0.75,12.25
5,1,5,3.25
5,2,1.75,12.25
6,1,6,3.25
6,2,2.75,12.25
7,1,7,3.25
7,2,3.75,12.25
8,1,8,3.25
8,2,4.75,12.25
9,1,9,3.25
9,2,5.75,12.25
10,1,10,3.25
10,2,6.75,12.25
11,1,11,3.25
11,2,7.75,12.25
12,1,12,3.25
12,2,8.75,12.25
13,1,13,3.25
13,2,9.75,12.25
14,1,14,3.25
14,2,10.75,12.25
15,1,15,3.25
15,2,11.75,12.25
16,1,16,3.25
16,2,12.75,12.25
16,3,0.5,27.25
17,1,17,3.25
17,2,13.75,12.25
17,3,1.5,27.25
18,1,18,3.25
18,2,14.75,12.25
18,3,2.5,27.25
19,1,19,3.25
19,2,15.75,12.25
19,3,3.5,27.25
20,1,20,3.25
20,2,16.75,12.25
20,3,4.5,27.25
21,1,21,3.25
21,2,17.75,12.25
21,3,5.5,27.25
22,1,22,3.25
22,2,18.75,12.25
22,3,6.5,27.25
23,1,23,3.25
23,2,19.75,12.25
23,3,7.5,27.25
24,1,24,3.25
24,2,20.75,12.25
24,3,8.5,27.25
25,1,25,3.25
25,2,21.75,12.25
25,3,9.5,27.25
26,1,26,3.25
26,2,22.75,12.25
26,3,10.5,27.25
27,1,27,3.25
27,2,23.75,12.25
27,3,11.5,27.25
28,1,28,3.25
28,2,24.75,12.25
28,3,12.5,27.25
29,1,29,3.25
29,2,25.75,12.25
29,3,13.5,27.25
30,1,30,3.25
30,2,26.75,12.25
30,3,14.5,27.25
31,1,31,3.25
31,2,27.75,12.25
31,3,15.5,27.25
32,1,32,3.25
32,2,28.75,12.25
32,3,16.5,27.25
33,1,33,3.25
33,2,29.75,12.25
33,3,17.5,27.25
34,1,34,3.25
34,2,30.75,12.25
34,3,18.5,27.25
35,1,35,3.25
35,2,31.75,12.25
35,3,19.5,27.25
36,1,36,3.25
36,2,32.75,12.25
36,3,20.5,27.25
37,1,37,3.25
37,2,33.75,12.25
37,3,21.5,27.25
38,1,38,3.25
38,2,34.75,12.25
38,3,22.5,27.25
39,1,39,3.25
39,2,35.75,12.25
39,3,23.5,27.25
40,1,40,3.25
40,2,36.75,12.25
40,3,24.5,27.25
41,1,41,3.25
41,2,37.75,12.25
41,3,25.5,27.25
42,1,42,3.25
42,2,38.75,12.25
42,3,26.5,27.25
43,1,43,3.25
43,2,39.75,12.25
43,3,27.5,27.25
43,4,0.25,48.25
44,1,44,3.25
44,2,40.75,12.25
44,3,28.5,27.25
44,4,1.25,48.25
45,1,45,3.25
45,2,41.75,12.25
45,3,29.5,27.25
45,4,2.25,48.25
46,1,46,3.25
46,2,42.75,12.25
46,3,30.5,27.25
46,4,3.25,48.25
47,1,47,3.25
47,2,43.75,12.25
47,3,31.5,27.25
47,4,4.25,48.25
48,1,48,3.25
48,2,44.75,12.25
48,3,32.5,27.25
48,4,5.25,48.25
49,1,49,3.25
49,2,45.75,12.25
49,3,33.5,27.25
49,4,6.25,48.25
50,1,50,3.25
50,2,46.75,12.25
50,3,34.5,27.25
50,4,7.25,48.25
51,1,51,3.25
51,2,47.75,12.25
51,3,35.5,27.25
51,4,8.25,48.25
52,1,52,3.25
52,2,48.75,12.25
52,3,36.5,27.25
52,4,9.25,48.25
53,1,53,3.25
53,2,49.75,12.25
53,3,37.5,27.25
53,4,10.25,48.25
54,1,54,3.25
54,2,50.75,12.25
54,3,38.5,27.25
54,4,11.25,48.25
55,1,55,3.25
55,2,51.75,12.25
55,3,39.5,27.25
55,4,12.25,48.25
56,1,56,3.25
56,2,52.75,12.25
56,3,40.5,27.25
56,4,13.25,48.25
57,1,57,3.25
57,2,53.75,12.25
57,3,41.5,27.25
57,4,14.25,48.25
58,1,58,3.25
58,2,54.75,12.25
58,3,42.5,27.25
58,4,15.25,48.25
59,1,59,3.25
59,2,55.75,12.25
59,3,43.5,27.25
59,4,16.25,48.25
60,1,60,3.25
60,2,56.75,12.25
60,3,44.5,27.25
60,4,17.25,48.25
61,1,61,3.25
61,2,57.75,12.25
61,3,45.5,27.25
61,4,18.25,48.25
62,1,62,3.25
62,2,58.75,12.25
62,3,46.5,27.25
62,4,19.25,48.25
63,1,63,3.25
63,2,59.75,12.25
63,3,47.5,27.25
63,4,20.25,48.25
64,1,64,3.25
64,2,60.75,12.25
64,3,48.5,27.25
64,4,21.25,48.25
65,1,65,3.25
65,2,61.75,12.25
65,3,49.5,27.25
65,4,22.25,48.25
66,1,66,3.25
66,2,62.75,12.25
66,3,50.5,27.25
66,4,23.25,48.25
67,1,67,3.25
67,2,63.75,12.25
67,3,51.5,27.25
67,4,24.25,48.25
68,1,68,3.25
68,2,64.75,12.25
68,3,52.5,27.25
68,4,25.25,48.25
69,1,69,3.25
69,2,65.75,12.25
69,3,53.5,27.25
69,4,26.25,48.25
70,1,70,3.25
70,2,66.75,12.25
70,3,54.5,27.25
70,4,27.25,48.25
71,1,71,3.25
71,2,67.75,12.25
71,3,55.5,27.25
71,4,28.25,48.25
72,1,72,3.25
72,2,68.75,12.25
72,3,56.5,27.25
72,4,29.25,48.25
73,1,73,3.25
73,2,69.75,12.25
73,3,57.5,27.25
73,4,30.25,48.25
74,1,74,3.25
74,2,70.75,12.25
74,3,58.5,27.25
74,4,31.25,48.25
75,1,75,3.25
75,2,71.75,12.25
75,3,59.5,27.25
75,4,32.25,48.25
76,1,76,3.25
76,2,72.75,12.25
76,3,60.5,27.25
76,4,33.25,48.25
77,1,77,3.25
77,2,73.75,12.25
77,3,61.5,27.25
77,4,34.25,48.25
78,1,78,3.25
78,2,74.75,12.25
78,3,62.5,27.25
78,4,35.25,48.25
79,1,79,3.25
79,2,75.75,12.25
79,3,63.5,27.25
79,4,36.25,48.25
80,1,80,3.25
80,2,76.75,12.25
80,3,64.5,27.25
80,4,37.25,48.25
81,1,81,3.25
81,2,77.75,12.25
81,3,65.5,27.25
81,4,38.25,48.25
82,1,82,3.25
82,2,78.75,12.25
82,3,66.5,27.25
82,4,39.25,48.25
83,1,83,3.25
83,2,79.75,12.25
83,3,67.5,27.25
83,4,40.25,48.25
84,1,84,3.25
84,2,80.75,12.25
84,3,68.5,27.25
84,4,41.25,48.25
85,1,85,3.25
85,2,81.75,12.25
85,3,69.5,27.25
85,4,42.25,48.25
86,1,86,3.25
86,2,82.75,12.25
86,3,70.5,27.25
86,4,43.25,48.25
87,1,87,3.25
87,2,83.75,12.25
87,3,71.5,27.25
87,4,44.25,48.25
88,1,88,3.25
88,2,84.75,12.25
88,3,72.5,27.25
88,4,45.25,48.25
89,1,89,3.25
89,2,85.75,12.25
89,3,73.5,27.25
89,4,46.25,48.25
90,1,90,3.25
90,2,86.75,12.25
90,3,74.5,27.25
90,4,47.25,48.25
91,1,91,3.25
91,2,87.75,12.25
91,3,75.5,27.25
91,4,48.25,48.25
92,1,92,3.25
92,2,88.75,12.25
92,3,76.5,27.25
92,4,49.25,48.25
92,5,1,75.25
93,1,93,3.25
93,2,89.75,12.25
93,3,77.5,27.25
93,4,50.25,48.25
93,5,2,75.25
94,1,94,3.25
94,2,90.75,12.25
94,3,78.5,27.25
94,4,51.25,48.25
94,5,3,75.25
95,1,95,3.25
95,2,91.75,12.25
95,3,79.5,27.25
95,4,52.25,48.25
95,5,4,75.25
96,1,96,3.25
96,2,92.75,12.25
96,3,80.5,27.25
96,4,53.25,48.25
96,5,5,75.25
97,1,97,3.25
97,2,93.75,12.25
97,3,81.5,27.25
97,4,54.25,48.25
97,5,6,75.25
98,1,98,3.25
98,2,94.75,12.25
98,3,82.5,27.25
98,4,55.25,48.25
98,5,7,75.25
99,1,99,3.25
99,2,95.75,12.25
99,3,83.5,27.25
99,4,56.25,48.25
99,5,8,75.25
100,1,100,3.25
100,2,96.75,12.25
100,3,84.5,27.25
100,4,57.25,48.25
100,5,9,75.25
101,1,101,3.25
101,2,97.75,12.25
101,3,85.5,27.25
101,4,58.25,48.25
101,5,10,75.25
102,1,102,3.25
102,2,98.75,12.25
102,3,86.5,27.25
102,4,59.25,48.25
102,5,11,75.25
103,1,103,3.25
103,2,99.75,12.25
103,3,87.5,27.25
103,4,60.25,48.25
103,5,12,75.25
104,1,104,3.25
104,2,100.75,12.25
104,3,88.5,27.25
104,4,61.25,48.25
104,5,13,75.25
105,1,105,3.25
105,2,101.75,12.25
105,3,89.5,27.25
105,4,62.25,48.25
105,5,14,75.25
106,1,106,3.25
106,2,102.75,12.25
106,3,90.5,27.25
106,4,63.25,48.25
106,5,15,75.25
107,1,107,3.25
107,2,103.75,12.25
107,3,91.5,27.25
107,4,64.25,48.25
107,5,16,75.25
108,1,108,3.25
108,2,104.75,12.25
108,3,92.5,27.25
108,4,65.25,48.25
108,5,17,75.25
109,1,109,3.25
109,2,105.75,12.25
109,3,93.5,27.25
109,4,66.25,48.25
109,5,18,75.25
110,1,110,3.25
110,2,106.75,12.25
110,3,94.5,27.25
110,4,67.25,48.25
110,5,19,75.25
111,1,111,3.25
111,2,107.75,12.25
111,3,95.5,27.25
111,4,68.25,48.25
111,5,20,75.25
112,1,112,3.25
112,2,108.75,12.25
112,3,96.5,27.25
112,4,69.25,48.25
112,5,21,75.25
113,1,113,3.25
113,2,109.75,12.25
113,3,97.5,27.25
113,4,70.25,48.25
113,5,22,75.25
114,1,114,3.25
114,2,110.75,12.25
114,3,98.5,27.25
114,4,71.25,48.25
114,5,23,75.25
115,1,115,3.25
115,2,111.75,12.25
115,3,99.5,27.25
115,4,72.25,48.25
115,5,24,75.25
116,1,116,3.25
116,2,112.75,12.25
116,3,100.5,27.25
116,4,73.25,48.25
116,5,25,75.25
117,1,117,3.25
117,2,113.75,12.25
117,3,101.5,27.25
117,4,74.25,48.25
117,5,26,75.25
118,1,118,3.25
118,2,114.75,12.25
118,3,102.5,27.25
118,4,75.25,48.25
118,5,27,75.25
119,1,119,3.25
119,2,115.75,12.25
119,3,103.5,27.25
119,4,76.25,48.25
119,5,28,75.25
120,1,120,3.25
120,2,116.75,12.25
120,3,104.5,27.25
120,4,77.25,48.25
120,5,29,75.25
121,1,121,3.25
121,2,117.75,12.25
121,3,105.5,27.25
121,4,78.25,48.25
121,5,30,75.25
122,1,122,3.25
122,2,118.75,12.25
122,3,106.5,27.25
122,4,79.25,48.25
122,5,31,75.25
123,1,123,3.25
123,2,119.75,12.25
123,3,107.5,27.25
123,4,80.25,48.25
123,5,32,75.25
124,1,124,3.25
124,2,120.75,12.25
124,3,108.5,27.25
124,4,81.25,48.25
124,5,33,75.25
125,1,125,3.25
125,2,121.75,12.25
125,3,109.5,27.25
125,4,82.25,48.25
125,5,34,75.25
126,1,126,3.25
126,2,122.75,12.25
126,3,110.5,27.25
126,4,83.25,48.25
126,5,35,75.25
127,1,127,3.25
127,2,123.75,12.25
127,3,111.5,27.25
127,4,84.25,48.25
127,5,36,75.25
128,1,128,3.25
128,2,124.75,12.25
128,3,112.5,27.25
128,4,85.25,48.25
128,5,37,75.25
129,1,129,3.25
129,2,125.75,12.25
129,3,113.5,27.25
129,4,86.25,48.25
129,5,38,75.25
130,1,130,3.25
130,2,126.75,12.25
130,3,114.5,27.25
130,4,87.25,48.25
130,5,39,75.25
131,1,131,3.25
131,2,127.75,12.25
131,3,115.5,27.25
131,4,88.25,48.25
131,5,40,75.25
132,1,132,3.25
132,2,128.75,12.25
132,3,116.5,27.25
132,4,89.25,48.25
132,5,41,75.25
133,1,133,3.25
133,2,129.75,12.25
133,3,117.5,27.25
133,4,90.25,48.25
133,5,42,75.25
134,1,134,3.25
134,2,130.75,12.25
134,3,118.5,27.25
134,4,91.25,48.25
134,5,43,75.25
135,1,135,3.25
135,2,131.75,12.25
135,3,119.5,27.25
135,4,92.25,48.25
135,5,44,75.25
136,1,136,3.25
136,2,132.75,12.25
136,3,120.5,27.25
136,4,93.25,48.25
136,5,45,75.25
137,1,137,3.25
137,2,133.75,12.25
137,3,121.5,27.25
137,4,94.25,48.25
137,5,46,75.25
138,1,138,3.25
138,2,134.75,12.25
138,3,122.5,27.25
138,4,95.25,48.25
138,5,47,75.25
139,1,139,3.25
139,2,135.75,12.25
139,3,123.5,27.25
139,4,96.25,48.25
139,5,48,75.25
140,1,140,3.25
140,2,136.75,12.25
140,3,124.5,27.25
140,4,97.25,48.25
140,5,49,75.25
141,1,141,3.25
141,2,137.75,12.25
141,3,125.5,27.25
141,4,98.25,48.25
141,5,50,75.25
142,1,142,3.25
142,2,138.75,12.25
142,3,126.5,27.25
142,4,99.25,48.25
142,5,51,75.25
143,1,143,3.25
143,2,139.75,12.25
143,3,127.5,27.25
143,4,100.25,48.25
143,5,52,75.25
144,1,144,3.25
144,2,140.75,12.25
144,3,128.5,27.25
144,4,101.25,48.25
144,5,53,75.25
145,1,145,3.25
145,2,141.75,12.25
145,3,129.5,27.25
145,4,102.25,48.25
145,5,54,75.25
146,1,146,3.25
146,2,142.75,12.25
146,3,130.5,27.25
146,4,103.25,48.25
146,5,55,75.25
147,1,147,3.25
147,2,143.75,12.25
147,3,131.5,27.25
147,4,104.25,48.25
147,5,56,75.25
148,1,148,3.25
148,2,144.75,12.25
148,3,132.5,27.25
148,4,105.25,48.25
148,5,57,75.25
149,1,149,3.25
149,2,145.75,12.25
149,3,133.5,27.25
149,4,106.25,48.25
149,5,58,75.25
150,1,150,3.25
150,2,146.75,12.25
150,3,134.5,27.25
150,4,107.25,48.25
150,5,59,75.25
151,1,151,3.25
151,2,147.75,12.25
151,3,135.5,27.25
151,4,108.25,48.25
151,5,60,75.25
152,1,152,3.25
152,2,148.75,12.25
152,3,136.5,27.25
152,4,109.25,48.25
152,5,61,75.25
153,1,153,3.25
153,2,149.75,12.25
153,3,137.5,27.25
153,4,110.25,48.25
153,5,62,75.25
154,1,154,3.25
154,2,150.75,12.25
154,3,138.5,27.25
154,4,111.25,48.25
154,5,63,75.25
155,1,155,3.25
155,2,151.75,12.25
155,3,139.5,27.25
155,4,112.25,48.25
155,5,64,75.25
156,1,156,3.25
156,2,152.75,12.25
156,3,140.5,27.25
156,4,113.25,48.25
156,5,65,75.25
157,1,157,3.25
157,2,153.75,12.25
157,3,141.5,27.25
157,4,114.25,48.25
157,5,66,75.25
158,1,158,3.25
158,2,154.75,12.25
158,3,142.5,27.25
158,4,115.25,48.25
158,5,67,75.25
159,1,159,3.25
159,2,155.75,12.25
159,3,143.5,27.25
159,4,116.25,48.25
159,5,68,75.25
160,1,160,3.25
160,2,156.75,12.25
160,3,144.5,27.25
160,4,117.25,48.25
160,5,69,75.25
161,1,161,3.25
161,2,157.75,12.25
161,3,145.5,27.25
161,4,118.25,48.25
161,5,70,75.25
162,1,162,3.25
162,2,158.75,12.25
162,3,146.5,27.25
162,4,119.25,48.25
162,5,71,75.25
163,1,163,3.25
163,2,159.75,12.25
163,3,147.5,27.25
163,4,120.25,48.25
163,5,72,75.25
164,1,164,3.25
164,2,160.75,12.25
164,3,148.5,27.25
164,4,121.25,48.25
164,5,73,75.25
165,1,165,3.25
165,2,161.75,12.25
165,3,149.5,27.25
165,4,122.25,48.25
165,5,74,75.25
166,1,166,3.25
166,2,162.75,12.25
166,3,150.5,27.25
166,4,123.25,48.25
166,5,75,75.25
167,1,167,3.25
167,2,163.75,12.25
167,3,151.5,27.25
167,4,124.25,48.25
167,5,76,75.25
167,6,0.75,108.25
168,1,168,3.25
168,2,164.75,12.25
168,3,152.5,27.25
168,4,125.25,48.25
168,5,77,75.25
168,6,1.75,108.25
169,1,169,3.25
169,2,165.75,12.25
169,3,153.5,27.25
169,4,126.25,48.25
169,5,78,75.25
169,6,2.75,108.25
170,1,170,3.25
170,2,166.75,12.25
170,3,154.5,27.25
170,4,127.25,48.25
170,5,79,75.25
170,6,3.75,108.25
171,1,171,3.25
171,2,167.75,12.25
171,3,155.5,27.25
171,4,128.25,48.25
171,5,80,75.25
171,6,4.75,108.25
172,1,172,3.25
172,2,168.75,12.25
172,3,156.5,27.25
172,4,129.25,48.25
172,5,81,75.25
172,6,5.75,108.25
173,1,173,3.25
173,2,169.75,12.25
173,3,157.5,27.25
173,4,130.25,48.25
173,5,82,75.25
173,6,6.75,108.25
174,1,174,3.25
174,2,170.75,12.25
174,3,158.5,27.25
174,4,131.25,48.25
174,5,83,75.25
174,6,7.75,108.25
175,1,175,3.25
175,2,171.75,12.25
175,3,159.5,27.25
175,4,132.25,48.25
175,5,84,75.25
175,6,8.75,108.25
176,1,176,3.25
176,2,172.75,12.25
176,3,160.5,27.25
176,4,133.25,48.25
176,5,85,75.25
176,6,9.75,108.25
177,1,177,3.25
177,2,173.75,12.25
177,3,161.5,27.25
177,4,134.25,48.25
177,5,86,75.25
177,6,10.75,108.25
178,1,178,3.25
178,2,174.75,12.25
178,3,162.5,27.25
178,4,135.25,48.25
178,5,87,75.25
178,6,11.75,108.25
179,1,179,3.25
179,2,175.75,12.25
179,3,163.5,27.25
179,4,136.25,48.25
179,5,88,75.25
179,6,12.75,108.25
180,1,180,3.25
180,2,176.75,12.25
180,3,164.5,27.25
180,4,137.25,48.25
180,5,89,75.25
180,6,13.75,108.25
181,1,181,3.25
181,2,177.75,12.25
181,3,165.5,27.25
181,4,138.25,48.25
181,5,90,75.25
181,6,14.75,108.25
182,1,182,3.25
182,2,178.75,12.25
182,3,166.5,27.25
182,4,139.25,48.25
182,5,91,75.25
182,6,15.75,108.25
183,1,183,3.25
183,2,179.75,12.25
183,3,167.5,27.25
183,4,140.25,48.25
183,5,92,75.25
183,6,16.75,108.25
184,1,184,3.25
184,2,180.75,12.25
184,3,168.5,27.25
184,4,141.25,48.25
184,5,93,75.25
184,6,17.75,108.25
185,1,185,3.25
185,2,181.75,12.25
185,3,169.5,27.25
185,4,142.25,48.25
185,5,94,75.25
185,6,18.75,108.25
186,1,186,3.25
186,2,182.75,12.25
186,3,170.5,27.25
186,4,143.25,48.25
186,5,95,75.25
186,6,19.75,108.25
187,1,187,3.25
187,2,183.75,12.25
187,3,171.5,27.25
187,4,144.25,48.25
187,5,96,75.25
187,6,20.75,108.25
188,1,188,3.25
188,2,184.75,12.25
188,3,172.5,27.25
188,4,145.25,48.25
188,5,97,75.25
188,6,21.75,108.25
189,1,189,3.25
189,2,185.75,12.25
189,3,173.5,27.25
189,4,146.25,48.25
189,5,98,75.25
189,6,22.75,108.25
190,1,190,3.25
190,2,186.75,12.25
190,3,174.5,27.25
190,4,147.25,48.25
190,5,99,75.25
190,6,23.75,108.25
191,1,191,3.25
191,2,187.75,12.25
191,3,175.5,27.25
191,4,148.25,48.25
191,5,100,75.25
191,6,24.75,108.25
192,1,192,3.25
192,2,188.75,12.25
192,3,176.5,27.25
192,4,149.25,48.25
192,5,101,75.25
192,6,25.75,108.25
193,1,193,3.25
193,2,189.75,12.25
193,3,177.5,27.25
193,4,150.25,48.25
193,5,102,75.25
193,6,26.75,108.25
194,1,194,3.25
194,2,190.75,12.25
194,3,178.5,27.25
194,4,151.25,48.25
194,5,103,75.25
194,6,27.75,108.25
195,1,195,3.25
195,2,191.75,12.25
195,3,179.5,27.25
195,4,152.25,48.25
195,5,104,75.25
195,6,28.75,108.25
196,1,196,3.25
196,2,192.75,12.25
196,3,180.5,27.25
196,4,153.25,48.25
196,5,105,75.25
196,6,29.75,108.25
197,1,197,3.25
197,2,193.75,12.25
197,3,181.5,27.25
197,4,154.25,48.25
197,5,106,75.25
197,6,30.75,108.25
198,1,198,3.25
198,2,194.75,12.25
198,3,182.5,27.25
198,4,155.25,48.25
198,5,107,75.25
198,6,31.75,108.25
199,1,199,3.25
199,2,195.75,12.25
199,3,183.5,27.25
199,4,156.25,48.25
199,5,108,75.25
199,6,32.75,108.25
200,1,200,3.25
200,2,196.75,12.25
200,3,184.5,27.25
200,4,157.25,48.25
200,5,109,75.25
200,6,33.75,108.25
201,1,201,3.25
201,2,197.75,12.25
201,3,185.5,27.25
201,4,158.25,48.25
201,5,110,75.25
201,6,34.75,108.25
202,1,202,3.25
202,2,198.75,12.25
202,3,186.5,27.25
202,4,159.25,48.25
202,5,111,75.25
202,6,35.75,108.25
203,1,203,3.25
203,2,199.75,12.25
203,3,187.5,27.25
203,4,160.25,48.25
203,5,112,75.25
203,6,36.75,108.25
204,1,204,3.25
204,2,200.75,12.25
204,3,188.5,27.25
204,4,161.25,48.25
204,5,113,75.25
204,6,37.75,108.25
205,1,205,3.25
205,2,201.75,12.25
205,3,189.5,27.25
205,4,162.25,48.25
205,5,114,75.25
205,6,38.75,108.25
206,1,206,3.25
206,2,202.75,12.25
206,3,190.5,27.25
206,4,163.25,48.25
206,5,115,75.25
206,6,39.75,108.25
207,1,207,3.25
207,2,203.75,12.25
207,3,191.5,27.25
207,4,164.25,48.25
207,5,116,75.25
207,6,40.75,108.25
208,1,208,3.25
208,2,204.75,12.25
208,3,192.5,27.25
208,4,165.25,48.25
208,5,117,75.25
208,6,41.75,108.25
209,1,209,3.25
209,2,205.75,12.25
209,3,193.5,27.25
209,4,166.25,48.25
209,5,118,75.25
209,6,42.75,108.25
210,1,210,3.25
210,2,206.75,12.25
210,3,194.5,27.25
210,4,167.25,48.25
210,5,119,75.25
210,6,43.75,108.25
211,1,211,3.25
211,2,207.75,12.25
211,3,195.5,27.25
211,4,168.25,48.25
211,5,120,75.25
211,6,44.75,108.25
212,1,212,3.25
212,2,208.75,12.25
212,3,196.5,27.25
212,4,169.25,48.25
212,5,121,75.25
212,6,45.75,108.25
213,1,213,3.25
213,2,209.75,12.25
213,3,197.5,27.25
213,4,170.25,48.25
213,5,122,75.25
213,6,46.75,108.25
214,1,214,3.25
214,2,210.75,12.25
214,3,198.5,27.25
214,4,171.25,48.25
214,5,123,75.25
214,6,47.75,108.25
215,1,215,3.25
215,2,211.75,12.25
215,3,199.5,27.25
215,4,172.25,48.25
215,5,124,75.25
215,6,48.75,108.25
216,1,216,3.25
216,2,212.75,12.25
216,3,200.5,27.25
216,4,173.25,48.25
216,5,125,75.25
216,6,49.75,108.25
217,1,217,3.25
217,2,213.75,12.25
217,3,201.5,27.25
217,4,174.25,48.25
217,5,126,75.25
217,6,50.75,108.25
218,1,218,3.25
218,2,214.75,12.25
218,3,202.5,27.25
218,4,175.25,48.25
218,5,127,75.25
218,6,51.75,108.25
219,1,219,3.25
219,2,215.75,12.25
219,3,203.5,27.25
219,4,176.25,48.25
219,5,128,75.25
219,6,52.75,108.25
220,1,220,3.25
220,2,216.75,12.25
220,3,204.5,27.25
220,4,177.25,48.25
220,5,129,75.25
220,6,53.75,108.25
221,1,221,3.25
221,2,217.75,12.25
221,3,205.5,27.25
221,4,178.25,48.25
221,5,130,75.25
221,6,54.75,108.25
222,1,222,3.25
222,2,218.75,12.25
222,3,206.5,27.25
222,4,179.25,48.25
222,5,131,75.25
222,6,55.75,108.25
223,1,223,3.25
223,2,219.75,12.25
223,3,207.5,27.25
223,4,180.25,48.25
223,5,132,75.25
223,6,56.75,108.25
224,1,224,3.25
224,2,220.75,12.25
224,3,208.5,27.25
224,4,181.25,48.25
224,5,133,75.25
224,6,57.75,108.25
225,1,225,3.25
225,2,221.75,12.25
225,3,209.5,27.25
225,4,182.25,48.25
225,5,134,75.25
225,6,58.75,108.25
226,1,226,3.25
226,2,222.75,12.25
226,3,210.5,27.25
226,4,183.25,48.25
226,5,135,75.25
226,6,59.75,108.25
227,1,227,3.25
227,2,223.75,12.25
227,3,211.5,27.25
227,4,184.25,48.25
227,5,136,75.25
227,6,60.75,108.25
228,1,228,3.25
228,2,224.75,12.25
228,3,212.5,27.25
228,4,185.25,48.25
228,5,137,75.25
228,6,61.75,108.25
229,1,229,3.25
229,2,225.75,12.25
229,3,213.5,27.25
229,4,186.25,48.25
229,5,138,75.25
229,6,62.75,108.25
230,1,230,3.25
230,2,226.75,12.25
230,3,214.5,27.25
230,4,187.25,48.25
230,5,139,75.25
230,6,63.75,108.25
231,1,231,3.25
231,2,227.75,12.25
231,3,215.5,27.25
231,4,188.25,48.25
231,5,140,75.25
231,6,64.75,108.25
232,1,232,3.25
232,2,228.75,12.25
232,3,216.5,27.25
232,4,189.25,48.25
232,5,141,75.25
232,6,65.75,108.25
233,1,233,3.25
233,2,229.75,12.25
233,3,217.5,27.25
233,4,190.25,48.25
233,5,142,75.25
233,6,66.75,108.25
234,1,234,3.25
234,2,230.75,12.25
234,3,218.5,27.25
234,4,191.25,48.25
234,5,143,75.25
234,6,67.75,108.25
235,1,235,3.25
235,2,231.75,12.25
235,3,219.5,27.25
235,4,192.25,48.25
235,5,144,75.25
235,6,68.75,108.25
236,1,236,3.25
236,2,232.75,12.25
236,3,220.5,27.25
236,4,193.25,48.25
236,5,145,75.25
236,6,69.75,108.25
237,1,237,3.25
237,2,233.75,12.25
237,3,221.5,27.25
237,4,194.25,48.25
237,5,146,75.25
237,6,70.75,108.25
238,1,238,3.25
238,2,234.75,12.25
238,3,222.5,27.25
238,4,195.25,48.25
238,5,147,75.25
238,6,71.75,108.25
239,1,239,3.25
239,2,235.75,12.25
239,3,223.5,27.25
239,4,196.25,48.25
239,5,148,75.25
239,6,72.75,108.25
240,1,240,3.25
240,2,236.75,12.25
240,3,224.5,27.25
240,4,197.25,48.25
240,5,149,75.25
240,6,73.75,108.25
241,1,241,3.25
241,2,237.75,12.25
241,3,225.5,27.25
241,4,198.25,48.25
241,5,150,75.25
241,6,74.75,108.25
242,1,242,3.25
242,2,238.75,12.25
242,3,226.5,27.25
242,4,199.25,48.25
242,5,151,75.25
242,6,75.75,108.25
243,1,243,3.25
243,2,239.75,12.25
243,3,227.5,27.25
243,4,200.25,48.25
243,5,152,75.25
243,6,76.75,108.25
244,1,244,3.25
244,2,240.75,12.25
244,3,228.5,27.25
244,4,201.25,48.25
244,5,153,75.25
244,6,77.75,108.25
245,1,245,3.25
245,2,241.75,12.25
245,3,229.5,27.25
245,4,202.25,48.25
245,5,154,75.25
245,6,78.75,108.25
246,1,246,3.25
246,2,242.75,12.25
246,3,230.5,27.25
246,4,203.25,48.25
246,5,155,75.25
246,6,79.75,108.25
247,1,247,3.25
247,2,243.75,12.25
247,3,231.5,27.25
247,4,204.25,48.25
247,5,156,75.25
247,6,80.75,108.25
248,1,248,3.25
248,2,244.75,12.25
248,3,232.5,27.25
248,4,205.25,48.25
248,5,157,75.25
248,6,81.75,108.25
249,1,249,3.25
249,2,245.75,12.25
249,3,233.5,27.25
249,4,206.25,48.25
249,5,158,75.25
249,6,82.75,108.25
250,1,250,3.25
250,2,246.75,12.25
250,3,234.5,27.25
250,4,207.25,48.25
250,5,159,75.25
250,6,83.75,108.25
251,1,251,3.25
251,2,247.75,12.25
251,3,235.5,27.25
251,4,208.25,48.25
251,5,160,75.25
251,6,84.75,108.25
252,1,252,3.25
252,2,248.75,12.25
252,3,236.5,27.25
252,4,209.25,48.25
252,5,161,75.25
252,6,85.75,108.25
253,1,253,3.25
253,2,249.75,12.25
253,3,237.5,27.25
253,4,210.25,48.25
253,5,162,75.25
253,6,86.75,108.25
254,1,254,3.25
254,2,250.75,12.25
254,3,238.5,27.25
254,4,211.25,48.25
254,5,163,75.25
254,6,87.75,108.25
255,1,255,3.25
255,2,251.75,12.25
255,3,239.5,27.25
255,4,212.25,48.25
255,5,164,75.25
255,6,88.75,108.25
256,1,256,3.25
256,2,252.75,12.25
256,3,240.5,27.25
256,4,213.25,48.25
256,5,165,75.25
256,6,89.75,108.25
257,1,257,3.25
257,2,253.75,12.25
257,3,241.5,27.25
257,4,214.25,48.25
257,5,166,75.25
257,6,90.75,108.25
258,1,258,3.25
258,2,254.75,12.25
258,3,242.5,27.25
258,4,215.25,48.25
258,5,167,75.25
258,6,91.75,108.25
259,1,259,3.25
259,2,255.75,12.25
259,3,243.5,27.25
259,4,216.25,48.25
259,5,168,75.25
259,6,92.75,108.25
260,1,260,3.25
260,2,256.75,12.25
260,3,244.5,27.25
260,4,217.25,48.25
260,5,169,75.25
260,6,93.75,108.25
261,1,261,3.25
261,2,257.75,12.25
261,3,245.5,27.25
261,4,218.25,48.25
261,5,170,75.25
261,6,94.75,108.25
262,1,262,3.25
262,2,258.75,12.25
262,3,246.5,27.25
262,4,219.25,48.25
262,5,171,75.25
262,6,95.75,108.25
263,1,263,3.25
263,2,259.75,12.25
263,3,247.5,27.25
263,4,220.25,48.25
263,5,172,75.25
263,6,96.75,108.25
264,1,264,3.25
264,2,260.75,12.25
264,3,248.5,27.25
264,4,221.25,48.25
264,5,173,75.25
264,6,97.75,108.25
265,1,265,3.25
265,2,261.75,12.25
265,3,249.5,27.25
265,4,222.25,48.25
265,5,174,75.25
265,6,98.75,108.25
266,1,266,3.25
266,2,262.75,12.25
266,3,250.5,27.25
266,4,223.25,48.25
266,5,175,75.25
266,6,99.75,108.25
267,1,267,3.25
267,2,263.75,12.25
267,3,251.5,27.25
267,4,224.25,48.25
267,5,176,75.25
267,6,100.75,108.25
268,1,268,3.25
268,2,264.75,12.25
268,3,252.5,27.25
268,4,225.25,48.25
268,5,177,75.25
268,6,101.75,108.25
269,1,269,3.25
269,2,265.75,12.25
269,3,253.5,27.25
269,4,226.25,48.25
269,5,178,75.25
269,6,102.75,108.25
270,1,270,3.25
270,2,266.75,12.25
270,3,254.5,27.25
270,4,227.25,48.25
270,5,179,75.25
270,6,103.75,108.25
271,1,271,3.25
271,2,267.75,12.25
271,3,255.5,27.25
271,4,228.25,48.25
271,5,180,75.25
271,6,104.75,108.25
272,1,272,3.25
272,2,268.75,12.25
272,3,256.5,27.25
272,4,229.25,48.25
272,5,181,75.25
272,6,105.75,108.25
273,1,273,3.25
273,2,269.75,12.25
273,3,257.5,27.25
273,4,230.25,48.25
273,5,182,75.25
273,6,106.75,108.25
274,1,274,3.25
274,2,270.75,12.25
274,3,258.5,27.25
274,4,231.25,48.25
274,5,183,75.25
274,6,107.75,108.25
275,1,275,3.25
275,2,271.75,12.25
275,3,259.5,27.25
275,4,232.25,48.25
275,5,184,75.25
275,6,108.75,108.25
275,7,0.5,147.25
276,1,276,3.25
276,2,272.75,12.25
276,3,260.5,27.25
276,4,233.25,48.25
276,5,185,75.25
276,6,109.75,108.25
276,7,1.5,147.25
277,1,277,3.25
277,2,273.75,12.25
277,3,261.5,27.25
277,4,234.25,48.25
277,5,186,75.25
277,6,110.75,108.25
277,7,2.5,147.25
278,1,278,3.25
278,2,274.75,12.25
278,3,262.5,27.25
278,4,235.25,48.25
278,5,187,75.25
278,6,111.75,108.25
278,7,3.5,147.25
279,1,279,3.25
279,2,275.75,12.25
279,3,263.5,27.25
279,4,236.25,48.25
279,5,188,75.25
279,6,112.75,108.25
279,7,4.5,147.25
280,1,280,3.25
280,2,276.75,12.25
280,3,264.5,27.25
280,4,237.25,48.25
280,5,189,75.25
280,6,113.75,108.25
280,7,5.5,147.25
281,1,281,3.25
281,2,277.75,12.25
281,3,265.5,27.25
281,4,238.25,48.25
281,5,190,75.25
281,6,114.75,108.25
281,7,6.5,147.25
282,1,282,3.25
282,2,278.75,12.25
282,3,266.5,27.25
282,4,239.25,48.25
282,5,191,75.25
282,6,115.75,108.25
282,7,7.5,147.25
283,1,283,3.25
283,2,279.75,12.25
283,3,267.5,27.25
283,4,240.25,48.25
283,5,192,75.25
283,6,116.75,108.25
283,7,8.5,147.25
284,1,284,3.25
284,2,280.75,12.25
284,3,268.5,27.25
284,4,241.25,48.25
284,5,193,75.25
284,6,117.75,108.25
284,7,9.5,147.25
285,1,285,3.25
285,2,281.75,12.25
285,3,269.5,27.25
285,4,242.25,48.25
285,5,194,75.25
285,6,118.75,108.25
285,7,10.5,147.25
286,1,286,3.25
286,2,282.75,12.25
286,3,270.5,27.25
286,4,243.25,48.25
286,5,195,75.25
286,6,119.75,108.25
286,7,11.5,147.25
287,1,287,3.25
287,2,283.75,12.25
287,3,271.5,27.25
287,4,244.25,48.25
287,5,196,75.25
287,6,120.75,108.25
287,7,12.5,147.25
288,1,288,3.25
288,2,284.75,12.25
288,3,272.5,27.25
288,4,245.25,48.25
288,5,197,75.25
288,6,121.75,108.25
288,7,13.5,147.25
289,1,289,3.25
289,2,285.75,12.25
289,3,273.5,27.25
289,4,246.25,48.25
289,5,198,75.25
289,6,122.75,108.25
289,7,14.5,147.25
290,1,290,3.25
290,2,286.75,12.25
290,3,274.5,27.25
290,4,247.25,48.25
290,5,199,75.25
290,6,123.75,108.25
290,7,15.5,147.25
291,1,291,3.25
291,2,287.75,12.25
291,3,275.5,27.25
291,4,248.25,48.25
291,5,200,75.25
291,6,124.75,108.25
291,7,16.5,147.25
292,1,292,3.25
292,2,288.75,12.25
292,3,276.5,27.25
292,4,249.25,48.25
292,5,201,75.25
292,6,125.75,108.25
292,7,17.5,147.25
293,1,293,3.25
293,2,289.75,12.25
293,3,277.5,27.25
293,4,250.25,48.25
293,5,202,75.25
293,6,126.75,108.25
293,7,18.5,147.25
294,1,294,3.25
294,2,290.75,12.25
294,3,278.5,27.25
294,4,251.25,48.25
294,5,203,75.25
294,6,127.75,108.25
294,7,19.5,147.25
295,1,295,3.25
295,2,291.75,12.25
295,3,279.5,27.25
295,4,252.25,48.25
295,5,204,75.25
295,6,128.75,108.25
295,7,20.5,147.25
296,1,296,3.25
296,2,292.75,12.25
296,3,280.5,27.25
296,4,253.25,48.25
296,5,205,75.25
296,6,129.75,108.25
296,7,21.5,147.25
297,1,297,3.25
297,2,293.75,12.25
297,3,281.5,27.25
297,4,254.25,48.25
297,5,206,75.25
297,6,130.75,108.25
297,7,22.5,147.25
298,1,298,3.25
298,2,294.75,12.25
298,3,282.5,27.25
298,4,255.25,48.25
298,5,207,75.25
298,6,131.75,108.25
298,7,23.5,147.25
299,1,299,3.25
299,2,295.75,12.25
299,3,283.5,27.25
299,4,256.25,48.25
299,5,208,75.25
299,6,132.75,108.25
299,7,24.5,147.25
300,1,300,3.25
300,2,296.75,12.25
300,3,284.5,27.25
300,4,257.25,48.25
300,5,209,75.25
300,6,133.75,108.25
300,7,25.5,147.25
301,1,301,3.25
301,2,297.75,12.25
301,3,285.5,27.25
301,4,258.25,48.25
301,5,210,75.25
301,6,134.75,108.25
301,7,26.5,147.25
302,1,302,3.25
302,2,298.75,12.25
302,3,286.5,27.25
302,4,259.25,48.25
302,5,211,75.25
302,6,135.75,108.25
302,7,27.5,147.25
303,1,303,3.25
303,2,299.75,12.25
303,3,287.5,27.25
303,4,260.25,48.25
303,5,212,75.25
303,6,136.75,108.25
303,7,28.5,147.25
304,1,304,3.25
304,2,300.75,12.25
304,3,288.5,27.25
304,4,261.25,48.25
304,5,213,75.25
304,6,137.75,108.25
304,7,29.5,147.25
305,1,305,3.25
305,2,301.75,12.25
305,3,289.5,27.25
305,4,262.25,48.25
305,5,214,75.25
305,6,138.75,108.25
305,7,30.5,147.25
306,1,306,3.25
306,2,302.75,12.25
306,3,290.5,27.25
306,4,263.25,48.25
306,5,215,75.25
306,6,139.75,108.25
306,7,31.5,147.25
307,1,307,3.25
307,2,303.75,12.25
307,3,291.5,27.25
307,4,264.25,48.25
307,5,216,75.25
307,6,140.75,108.25
307,7,32.5,147.25
308,1,308,3.25
308,2,304.75,12.25
308,3,292.5,27.25
308,4,265.25,48.25
308,5,217,75.25
308,6,141.75,108.25
308,7,33.5,147.25
309,1,309,3.25
309,2,305.75,12.25
309,3,293.5,27.25
309,4,266.25,48.25
309,5,218,75.25
309,6,142.75,108.25
309,7,34.5,147.25
310,1,310,3.25
310,2,306.75,12.25
310,3,294.5,27.25
310,4,267.25,48.25
310,5,219,75.25
310,6,143.75,108.25
310,7,35.5,147.25
311,1,311,3.25
311,2,307.75,12.25
311,3,295.5,27.25
311,4,268.25,48.25
311,5,220,75.25
311,6,144.75,108.25
311,7,36.5,147.25
312,1,312,3.25
312,2,308.75,12.25
312,3,296.5,27.25
312,4,269.25,48.25
312,5,221,75.25
312,6,145.75,108.25
312,7,37.5,147.25
313,1,313,3.25
313,2,309.75,12.25
313,3,297.5,27.25
313,4,270.25,48.25
313,5,222,75.25
313,6,146.75,108.25
313,7,38.5,147.25
314,1,314,3.25
314,2,310.75,12.25
314,3,298.5,27.25
314,4,271.25,48.25
314,5,223,75.25
314,6,147.75,108.25
314,7,39.5,147.25
315,1,315,3.25
315,2,311.75,12.25
315,3,299.5,27.25
315,4,272.25,48.25
315,5,224,75.25
315,6,148.75,108.25
315,7,40.5,147.25
316,1,316,3.25
316,2,312.75,12.25
316,3,300.5,27.25
316,4,273.25,48.25
316,5,225,75.25
316,6,149.75,108.25
316,7,41.5,147.25
317,1,317,3.25
317,2,313.75,12.25
317,3,301.5,27.25
317,4,274.25,48.25
317,5,226,75.25
317,6,150.75,108.25
317,7,42.5,147.25
318,1,318,3.25
318,2,314.75,12.25
318,3,302.5,27.25
318,4,275.25,48.25
318,5,227,75.25
318,6,151.75,108.25
318,7,43.5,147.25
319,1,319,3.25
319,2,315.75,12.25
319,3,303.5,27.25
319,4,276.25,48.25
319,5,228,75.25
319,6,152.75,108.25
319,7,44.5,147.25
320,1,320,3.25
320,2,316.75,12.25
320,3,304.5,27.25
320,4,277.25,48.25
320,5,229,75.25
320,6,153.75,108.25
320,7,45.5,147.25
321,1,321,3.25
321,2,317.75,12.25
321,3,305.5,27.25
321,4,278.25,48.25
321,5,230,75.25
321,6,154.75,108.25
321,7,46.5,147.25
322,1,322,3.25
322,2,318.75,12.25
322,3,306.5,27.25
322,4,279.25,48.25
322,5,231,75.25
322,6,155.75,108.25
322,7,47.5,147.25
323,1,323,3.25
323,2,319.75,12.25
323,3,307.5,27.25
323,4,280.25,48.25
323,5,232,75.25
323,6,156.75,108.25
323,7,48.5,147.25
324,1,324,3.25
324,2,320.75,12.25
324,3,308.5,27.25
324,4,281.25,48.25
324,5,233,75.25
324,6,157.75,108.25
324,7,49.5,147.25
325,1,325,3.25
325,2,321.75,12.25
325,3,309.5,27.25
325,4,282.25,48.25
325,5,234,75.25
325,6,158.75,108.25
325,7,50.5,147.25
326,1,326,3.25
326,2,322.75,12.25
326,3,310.5,27.25
326,4,283.25,48.25
326,5,235,75.25
326,6,159.75,108.25
326,7,51.5,147.25
327,1,327,3.25
327,2,323.75,12.25
327,3,311.5,27.25
327,4,284.25,48.25
327,5,236,75.25
327,6,160.75,108.25
327,7,52.5,147.25
328,1,328,3.25
328,2,324.75,12.25
328,3,312.5,27.25
328,4,285.25,48.25
328,5,237,75.25
328,6,161.75,108.25
328,7,53.5,147.25
329,1,329,3.25
329,2,325.75,12.25
329,3,313.5,27.25
329,4,286.25,48.25
329,5,238,75.25
329,6,162.75,108.25
329,7,54.5,147.25
330,1,330,3.25
330,2,326.75,12.25
330,3,314.5,27.25
330,4,287.25,48.25
330,5,239,75.25
330,6,163.75,108.25
330,7,55.5,147.25
331,1,331,3.25
331,2,327.75,12.25
331,3,315.5,27.25
331,4,288.25,48.25
331,5,240,75.25
331,6,164.75,108.25
331,7,56.5,147.25
332,1,332,3.25
332,2,328.75,12.25
332,3,316.5,27.25
332,4,289.25,48.25
332,5,241,75.25
332,6,165.75,108.25
332,7,57.5,147.25
333,1,333,3.25
333,2,329.75,12.25
333,3,317.5,27.25
333,4,290.25,48.25
333,5,242,75.25
333,6,166.75,108.25
333,7,58.5,147.25
334,1,334,3.25
334,2,330.75,12.25
334,3,318.5,27.25
334,4,291.25,48.25
334,5,243,75.25
334,6,167.75,108.25
334,7,59.5,147.25
335,1,335,3.25
335,2,331.75,12.25
335,3,319.5,27.25
335,4,292.25,48.25
335,5,244,75.25
335,6,168.75,108.25
335,7,60.5,147.25
336,1,336,3.25
336,2,332.75,12.25
336,3,320.5,27.25
336,4,293.25,48.25
336,5,245,75.25
336,6,169.75,108.25
336,7,61.5,147.25
337,1,337,3.25
337,2,333.75,12.25
337,3,321.5,27.25
337,4,294.25,48.25
337,5,246,75.25
337,6,170.75,108.25
337,7,62.5,147.25
338,1,338,3.25
338,2,334.75,12.25
338,3,322.5,27.25
338,4,295.25,48.25
338,5,247,75.25
338,6,171.75,108.25
338,7,63.5,147.25
339,1,339,3.25
339,2,335.75,12.25
339,3,323.5,27.25
339,4,296.25,48.25
339,5,248,75.25
339,6,172.75,108.25
339,7,64.5,147.25
340,1,340,3.25
340,2,336.75,12.25
340,3,324.5,27.25
340,4,297.25,48.25
340,5,249,75.25
340,6,173.75,108.25
340,7,65.5,147.25
341,1,341,3.25
341,2,337.75,12.25
341,3,325.5,27.25
341,4,298.25,48.25
341,5,250,75.25
341,6,174.75,108.25
341,7,66.5,147.25
342,1,342,3.25
342,2,338.75,12.25
342,3,326.5,27.25
342,4,299.25,48.25
342,5,251,75.25
342,6,175.75,108.25
342,7,67.5,147.25
343,1,343,3.25
343,2,339.75,12.25
343,3,327.5,27.25
343,4,300.25,48.25
343,5,252,75.25
343,6,176.75,108.25
343,7,68.5,147.25
344,1,344,3.25
344,2,340.75,12.25
344,3,328.5,27.25
344,4,301.25,48.25
344,5,253,75.25
344,6,177.75,108.25
344,7,69.5,147.25
345,1,345,3.25
345,2,341.75,12.25
345,3,329.5,27.25
345,4,302.25,48.25
345,5,254,75.25
345,6,178.75,108.25
345,7,70.5,147.25
346,1,346,3.25
346,2,342.75,12.25
346,3,330.5,27.25
346,4,303.25,48.25
346,5,255,75.25
346,6,179.75,108.25
346,7,71.5,147.25
347,1,347,3.25
347,2,343.75,12.25
347,3,331.5,27.25
347,4,304.25,48.25
347,5,256,75.25
347,6,180.75,108.25
347,7,72.5,147.25
348,1,348,3.25
348,2,344.75,12.25
348,3,332.5,27.25
348,4,305.25,48.25
348,5,257,75.25
348,6,181.75,108.25
348,7,73.5,147.25
349,1,349,3.25
349,2,345.75,12.25
349,3,333.5,27.25
349,4,306.25,48.25
349,5,258,75.25
349,6,182.75,108.25
349,7,74.5,147.25
350,1,350,3.25
350,2,346.75,12.25
350,3,334.5,27.25
350,4,307.25,48.25
350,5,259,75.25
350,6,183.75,108.25
350,7,75.5,147.25
351,1,351,3.25
351,2,347.75,12.25
351,3,335.5,27.25
351,4,308.25,48.25
351,5,260,75.25
351,6,184.75,108.25
351,7,76.5,147.25
352,1,352,3.25
352,2,348.75,12.25
352,3,336.5,27.25
352,4,309.25,48.25
352,5,261,75.25
352,6,185.75,108.25
352,7,77.5,147.25
353,1,353,3.25
353,2,349.75,12.25
353,3,337.5,27.25
353,4,310.25,48.25
353,5,262,75.25
353,6,186.75,108.25
353,7,78.5,147.25
354,1,354,3.25
354,2,350.75,12.25
354,3,338.5,27.25
354,4,311.25,48.25
354,5,263,75.25
354,6,187.75,108.25
354,7,79.5,147.25
355,1,355,3.25
355,2,351.75,12.25
355,3,339.5,27.25
355,4,312.25,48.25
355,5,264,75.25
355,6,188.75,108.25
355,7,80.5,147.25
356,1,356,3.25
356,2,352.75,12.25
356,3,340.5,27.25
356,4,313.25,48.25
356,5,265,75.25
356,6,189.75,108.25
356,7,81.5,147.25
357,1,357,3.25
357,2,353.75,12.25
357,3,341.5,27.25
357,4,314.25,48.25
357,5,266,75.25
357,6,190.75,108.25
357,7,82.5,147.25
358,1,358,3.25
358,2,354.75,12.25
358,3,342.5,27.25
358,4,315.25,48.25
358,5,267,75.25
358,6,191.75,108.25
358,7,83.5,147.25
359,1,359,3.25
359,2,355.75,12.25
359,3,343.5,27.25
359,4,316.25,48.25
359,5,268,75.25
359,6,192.75,108.25
359,7,84.5,147.25
360,1,360,3.25
360,2,356.75,12.25
360,3,344.5,27.25
360,4,317.25,48.25
360,5,269,75.25
360,6,193.75,108.25
360,7,85.5,147.25
361,1,361,3.25
361,2,357.75,12.25
361,3,345.5,27.25
361,4,318.25,48.25
361,5,270,75.25
361,6,194.75,108.25
361,7,86.5,147.25
362,1,362,3.25
362,2,358.75,12.25
362,3,346.5,27.25
362,4,319.25,48.25
362,5,271,75.25
362,6,195.75,108.25
362,7,87.5,147.25
363,1,363,3.25
363,2,359.75,12.25
363,3,347.5,27.25
363,4,320.25,48.25
363,5,272,75.25
363,6,196.75,108.25
363,7,88.5,147.25
364,1,364,3.25
364,2,360.75,12.25
364,3,348.5,27.25
364,4,321.25,48.25
364,5,273,75.25
364,6,197.75,108.25
364,7,89.5,147.25
365,1,365,3.25
365,2,361.75,12.25
365,3,349.5,27.25
365,4,322.25,48.25
365,5,274,75.25
365,6,198.75,108.25
365,7,90.5,147.25
366,1,366,3.25
366,2,362.75,12.25
366,3,350.5,27.25
366,4,323.25,48.25
366,5,275,75.25
366,6,199.75,108.25
366,7,91.5,147.25
367,1,367,3.25
367,2,363.75,12.25
367,3,351.5,27.25
367,4,324.25,48.25
367,5,276,75.25
367,6,200.75,108.25
367,7,92.5,147.25
368,1,368,3.25
368,2,364.75,12.25
368,3,352.5,27.25
368,4,325.25,48.25
368,5,277,75.25
368,6,201.75,108.25
368,7,93.5,147.25
369,1,369,3.25
369,2,365.75,12.25
369,3,353.5,27.25
369,4,326.25,48.25
369,5,278,75.25
369,6,202.75,108.25
369,7,94.5,147.25
370,1,370,3.25
370,2,366.75,12.25
370,3,354.5,27.25
370,4,327.25,48.25
370,5,279,75.25
370,6,203.75,108.25
370,7,95.5,147.25
371,1,371,3.25
371,2,367.75,12.25
371,3,355.5,27.25
371,4,328.25,48.25
371,5,280,75.25
371,6,204.75,108.25
371,7,96.5,147.25
372,1,372,3.25
372,2,368.75,12.25
372,3,356.5,27.25
372,4,329.25,48.25
372,5,281,75.25
372,6,205.75,108.25
372,7,97.5,147.25
373,1,373,3.25
373,2,369.75,12.25
373,3,357.5,27.25
373,4,330.25,48.25
