z,a,k,x,y,c
0,0,1,0,1,1
0,0,2,0,1,1
0,0,2,0,0,2
0,0,3,0,1,1
0,0,3,0,0,2
0,0,3,0,0,3
0,0,4,0,1,1
0,0,4,0,0,2
0,0,4,0,0,3
0,0,4,0,0,4
0,0,5,0,1,1
0,0,5,0,0,2
0,0,5,0,0,3
0,0,5,0,0,4
0,0,5,0,0,5
0,0,6,0,1,1
0,0,6,0,0,2
0,0,6,0,0,3
0,0,6,0,0,4
0,0,6,0,0,5
0,0,6,0,0,6
0,0,7,0,1,1
0,0,7,0,0,2
0,0,7,0,0,3
0,0,7,0,0,4
0,0,7,0,0,5
0,0,7,0,0,6
0,0,7,0,0,7
0,0,8,0,1,1
0,0,8,0,0,2
0,0,8,0,0,3
0,0,8,0,0,4
0,0,8,0,0,5
0,0,8,0,0,6
0,0,8,0,0,7
0,0,8,0,0,8
0,0,9,0,1,1
0,0,9,0,0,2
0,0,9,0,0,3
0,0,9,0,0,4
0,0,9,0,0,5
0,0,9,0,0,6
0,0,9,0,0,7
0,0,9,0,0,8
0,0,9,0,0,9
0,0,10,0,1,1
0,0,10,0,0,2
0,0,10,0,0,3
0,0,10,0,0,4
0,0,10,0,0,5
0,0,10,0,0,6
0,0,10,0,0,7
0,0,10,0,0,8
0,0,10,0,0,9
0,0,10,0,0,10
1,1,1,1,1,1
1,1,2,1,1,1
1,1,2,2,1,2
1,1,3,1,1,1
1,1,3,2,1,2
1,1,3,3,1,3
1,1,4,1,1,1
1,1,4,2,1,2
1,1,4,3,1,3
1,1,4,4,1,4
1,1,5,1,1,1
1,1,5,2,1,2
1,1,5,3,1,3
1,1,5,4,1,4
1,1,5,5,1,5
1,1,6,1,1,1
1,1,6,2,1,2
1,1,6,3,1,3
1,1,6,4,1,4
1,1,6,5,1,5
1,1,6,6,1,6
1,1,7,1,1,1
1,1,7,2,1,2
1,1,7,3,1,3
1,1,7,4,1,4
1,1,7,5,1,5
1,1,7,6,1,6
1,1,7,7,1,7
1,1,8,1,1,1
1,1,8,2,1,2
1,1,8,3,1,3
1,1,8,4,1,4
1,1,8,5,1,5
1,1,8,6,1,6
1,1,8,7,1,7
1,1,8,8,1,8
1,1,9,1,1,1
1,1,9,2,1,2
1,1,9,3,1,3
1,1,9,4,1,4
1,1,9,5,1,5
1,1,9,6,1,6
1,1,9,7,1,7
1,1,9,8,1,8
1,1,9,9,1,9
1,1,10,1,1,1
1,1,10,2,1,2
1,1,10,3,1,3
1,1,10,4,1,4
1,1,10,5,1,5
1,1,10,6,1,6
1,1,10,7,1,7
1,1,10,8,1,8
1,1,10,9,1,9
1,1,10,10,1,10
2,2,1,2,1,1
2,2,2,2,1,1
2,2,2,6,2,2
2,2,3,2,1,1
2,2,3,6,2,2
2,2,3,14,4,3
2,2,4,2,1,1
2,2,4,6,2,2
2,2,4,14,4,3
2,2,4,30,8,4
2,2,5,2,1,1
2,2,5,6,2,2
2,2,5,14,4,3
2,2,5,30,8,4
2,2,5,62,16,5
2,2,6,2,1,1
2,2,6,6,2,2
2,2,6,14,4,3
2,2,6,30,8,4
2,2,6,62,16,5
2,2,6,126,32,6
2,2,7,2,1,1
2,2,7,6,2,2
2,2,7,14,4,3
2,2,7,30,8,4
2,2,7,62,16,5
2,2,7,126,32,6
2,2,7,254,64,7
2,2,8,2,1,1
2,2,8,6,2,2
2,2,8,14,4,3
2,2,8,30,8,4
2,2,8,62,16,5
2,2,8,126,32,6
2,2,8,254,64,7
2,2,8,510,128,8
2,2,9,2,1,1
2,2,9,6,2,2
2,2,9,14,4,3
2,2,9,30,8,4
2,2,9,62,16,5
2,2,9,126,32,6
2,2,9,254,64,7
2,2,9,510,128,8
2,2,9,1022,256,9
2,2,10,2,1,1
2,2,10,6,2,2
2,2,10,14,4,3
2,2,10,30,8,4
2,2,10,62,16,5
2,2,10,126,32,6
2,2,10,254,64,7
2,2,10,510,128,8
2,2,10,1022,256,9
2,2,10,2046,512,10
3,3,1,3,1,1
3,3,2,3,1,1
3,3,2,12,3,2
3,3,3,3,1,1
3,3,3,12,3,2
3,3,3,39,9,3
3,3,4,3,1,1
3,3,4,12,3,2
3,3,4,39,9,3
3,3,4,120,27,4
3,3,5,3,1,1
3,3,5,12,3,2
3,3,5,39,9,3
3,3,5,120,27,4
3,3,5,363,81,5
3,3,6,3,1,1
3,3,6,12,3,2
3,3,6,39,9,3
3,3,6,120,27,4
3,3,6,363,81,5
3,3,6,1092,243,6
3,3,7,3,1,1
3,3,7,12,3,2
3,3,7,39,9,3
3,3,7,120,27,4
3,3,7,363,81,5
3,3,7,1092,243,6
3,3,7,3279,729,7
3,3,8,3,1,1
3,3,8,12,3,2
3,3,8,39,9,3
3,3,8,120,27,4
3,3,8,363,81,5
3,3,8,1092,243,6
3,3,8,3279,729,7
3,3,8,9840,2187,8
3,3,9,3,1,1
3,3,9,12,3,2
3,3,9,39,9,3
3,3,9,120,27,4
3,3,9,363,81,5
3,3,9,1092,243,6
3,3,9,3279,729,7
3,3,9,9840,2187,8
3,3,9,29523,6561,9
3,3,10,3,1,1
3,3,10,12,3,2
3,3,10,39,9,3
3,3,10,120,27,4
3,3,10,363,81,5
3,3,10,1092,243,6
3,3,10,3279,729,7
3,3,10,9840,2187,8
3,3,10,29523,6561,9
3,3,10,88572,19683,10
4,4,1,4,1,1
4,4,2,4,1,1
4,4,2,20,4,2
4,4,3,4,1,1
4,4,3,20,4,2
4,4,3,84,16,3
4,4,4,4,1,1
4,4,4,20,4,2
4,4,4,84,16,3
4,4,4,340,64,4
4,4,5,4,1,1
4,4,5,20,4,2
4,4,5,84,16,3
4,4,5,340,64,4
4,4,5,1364,256,5
4,4,6,4,1,1
4,4,6,20,4,2
4,4,6,84,16,3
4,4,6,340,64,4
4,4,6,1364,256,5
4,4,6,5460,1024,6
4,4,7,4,1,1
4,4,7,20,4,2
4,4,7,84,16,3
4,4,7,340,64,4
4,4,7,1364,256,5
4,4,7,5460,1024,6
4,4,7,21844,4096,7
4,4,8,4,1,1
4,4,8,20,4,2
4,4,8,84,16,3
4,4,8,340,64,4
4,4,8,1364,256,5
4,4,8,5460,1024,6
4,4,8,21844,4096,7
4,4,8,87380,16384,8
4,4,9,4,1,1
4,4,9,20,4,2
4,4,9,84,16,3
4,4,9,340,64,4
4,4,9,1364,256,5
4,4,9,5460,1024,6
4,4,9,21844,4096,7
4,4,9,87380,16384,8
4,4,9,349524,65536,9
4,4,10,4,1,1
4,4,10,20,4,2
4,4,10,84,16,3
4,4,10,340,64,4
4,4,10,1364,256,5
4,4,10,5460,1024,6
4,4,10,21844,4096,7
4,4,10,87380,16384,8
4,4,10,349524,65536,9
4,4,10,1398100,262144,10
5,5,1,5,1,1
5,5,2,5,1,1
5,5,2,30,5,2
5,5,3,5,1,1
5,5,3,30,5,2
5,5,3,155,25,3
5,5,4,5,1,1
5,5,4,30,5,2
5,5,4,155,25,3
5,5,4,780,125,4
5,5,5,5,1,1
5,5,5,30,5,2
5,5,5,155,25,3
5,5,5,780,125,4
5,5,5,3905,625,5
5,5,6,5,1,1
5,5,6,30,5,2
5,5,6,155,25,3
5,5,6,780,125,4
5,5,6,3905,625,5
5,5,6,19530,3125,6
5,5,7,5,1,1
5,5,7,30,5,2
5,5,7,155,25,3
5,5,7,780,125,4
5,5,7,3905,625,5
5,5,7,19530,3125,6
5,5,7,97655,15625,7
5,5,8,5,1,1
5,5,8,30,5,2
5,5,8,155,25,3
5,5,8,780,125,4
5,5,8,3905,625,5
5,5,8,19530,3125,6
5,5,8,97655,15625,7
5,5,8,488280,78125,8
5,5,9,5,1,1
5,5,9,30,5,2
5,5,9,155,25,3
5,5,9,780,125,4
5,5,9,3905,625,5
5,5,9,19530,3125,6
5,5,9,97655,15625,7
5,5,9,488280,78125,8
5,5,9,2441405,390625,9
5,5,10,5,1,1
5,5,10,30,5,2
5,5,10,155,25,3
5,5,10,780,125,4
5,5,10,3905,625,5
5,5,10,19530,3125,6
5,5,10,97655,15625,7
5,5,10,488280,78125,8
5,5,10,2441405,390625,9
5,5,10,12207030,1953125,10
6,6,1,6,1,1
6,6,2,6,1,1
6,6,2,42,6,2
6,6,3,6,1,1
6,6,3,42,6,2
6,6,3,258,36,3
6,6,4,6,1,1
6,6,4,42,6,2
6,6,4,258,36,3
6,6,4,1554,216,4
6,6,5,6,1,1
6,6,5,42,6,2
6,6,5,258,36,3
6,6,5,1554,216,4
6,6,5,9330,1296,5
6,6,6,6,1,1
6,6,6,42,6,2
6,6,6,258,36,3
6,6,6,1554,216,4
6,6,6,9330,1296,5
6,6,6,55986,7776,6
6,6,7,6,1,1
6,6,7,42,6,2
6,6,7,258,36,3
6,6,7,1554,216,4
6,6,7,9330,1296,5
6,6,7,55986,7776,6
6,6,7,335922,46656,7
6,6,8,6,1,1
6,6,8,42,6,2
6,6,8,258,36,3
6,6,8,1554,216,4
6,6,8,9330,1296,5
6,6,8,55986,7776,6
6,6,8,335922,46656,7
6,6,8,2015538,279936,8
6,6,9,6,1,1
6,6,9,42,6,2
6,6,9,258,36,3
6,6,9,1554,216,4
6,6,9,9330,1296,5
6,6,9,55986,7776,6
6,6,9,335922,46656,7
6,6,9,2015538,279936,8
6,6,9,12093234,1679616,9
6,6,10,6,1,1
6,6,10,42,6,2
6,6,10,258,36,3
6,6,10,1554,216,4
6,6,10,9330,1296,5
6,6,10,55986,7776,6
6,6,10,335922,46656,7
6,6,10,2015538,279936,8
6,6,10,12093234,1679616,9
6,6,10,72559410,10077696,10
7,7,1,7,1,1
7,7,2,7,1,1
7,7,2,56,7,2
7,7,3,7,1,1
7,7,3,56,7,2
7,7,3,399,49,3
7,7,4,7,1,1
7,7,4,56,7,2
7,7,4,399,49,3
7,7,4,2800,343,4
7,7,5,7,1,1
7,7,5,56,7,2
7,7,5,399,49,3
7,7,5,2800,343,4
7,7,5,19607,2401,5
7,7,6,7,1,1
7,7,6,56,7,2
7,7,6,399,49,3
7,7,6,2800,343,4
7,7,6,19607,2401,5
7,7,6,137256,16807,6
7,7,7,7,1,1
7,7,7,56,7,2
7,7,7,399,49,3
7,7,7,2800,343,4
7,7,7,19607,2401,5
7,7,7,137256,16807,6
7,7,7,960799,117649,7
7,7,8,7,1,1
7,7,8,56,7,2
7,7,8,399,49,3
7,7,8,2800,343,4
7,7,8,19607,2401,5
7,7,8,137256,16807,6
7,7,8,960799,117649,7
7,7,8,6725600,823543,8
7,7,9,7,1,1
7,7,9,56,7,2
7,7,9,399,49,3
7,7,9,2800,343,4
7,7,9,19607,2401,5
7,7,9,137256,16807,6
7,7,9,960799,117649,7
7,7,9,6725600,823543,8
7,7,9,47079207,5764801,9
7,7,10,7,1,1
7,7,10,56,7,2
7,7,10,399,49,3
7,7,10,2800,343,4
7,7,10,19607,2401,5
7,7,10,137256,16807,6
7,7,10,960799,117649,7
7,7,10,6725600,823543,8
7,7,10,47079207,5764801,9
7,7,10,329554456,40353607,10
8,8,1,8,1,1
8,8,2,8,1,1
8,8,2,72,8,2
8,8,3,8,1,1
8,8,3,72,8,2
8,8,3,584,64,3
8,8,4,8,1,1
8,8,4,72,8,2
8,8,4,584,64,3
8,8,4,4680,512,4
8,8,5,8,1,1
8,8,5,72,8,2
8,8,5,584,64,3
8,8,5,4680,512,4
8,8,5,37448,4096,5
8,8,6,8,1,1
8,8,6,72,8,2
8,8,6,584,64,3
8,8,6,4680,512,4
8,8,6,37448,4096,5
8,8,6,299592,32768,6
8,8,7,8,1,1
8,8,7,72,8,2
8,8,7,584,64,3
8,8,7,4680,512,4
8,8,7,37448,4096,5
8,8,7,299592,32768,6
8,8,7,2396744,262144,7
8,8,8,8,1,1
8,8,8,72,8,2
8,8,8,584,64,3
8,8,8,4680,512,4
8,8,8,37448,4096,5
8,8,8,299592,32768,6
8,8,8,2396744,262144,7
8,8,8,19173960,2097152,8
8,8,9,8,1,1
8,8,9,72,8,2
8,8,9,584,64,3
8,8,9,4680,512,4
8,8,9,37448,4096,5
8,8,9,299592,32768,6
8,8,9,2396744,262144,7
8,8,9,19173960,2097152,8
8,8,9,153391688,16777216,9
8,8,10,8,1,1
8,8,10,72,8,2
8,8,10,584,64,3
8,8,10,4680,512,4
8,8,10,37448,4096,5
8,8,10,299592,32768,6
8,8,10,2396744,262144,7
8,8,10,19173960,2097152,8
8,8,10,153391688,16777216,9
8,8,10,1227133512,134217728,10
9,9,1,9,1,1
9,9,2,9,1,1
9,9,2,90,9,2
9,9,3,9,1,1
9,9,3,90,9,2
9,9,3,819,81,3
9,9,4,9,1,1
9,9,4,90,9,2
9,9,4,819,81,3
9,9,4,7380,729,4
9,9,5,9,1,1
9,9,5,90,9,2
9,9,5,819,81,3
9,9,5,7380,729,4
9,9,5,66429,6561,5
9,9,6,9,1,1
9,9,6,90,9,2
9,9,6,819,81,3
9,9,6,7380,729,4
9,9,6,66429,6561,5
9,9,6,597870,59049,6
9,9,7,9,1,1
9,9,7,90,9,2
9,9,7,819,81,3
9,9,7,7380,729,4
9,9,7,66429,6561,5
9,9,7,597870,59049,6
9,9,7,5380839,531441,7
9,9,8,9,1,1
9,9,8,90,9,2
9,9,8,819,81,3
9,9,8,7380,729,4
9,9,8,66429,6561,5
9,9,8,597870,59049,6
9,9,8,5380839,531441,7
9,9,8,48427560,4782969,8
9,9,9,9,1,1
9,9,9,90,9,2
9,9,9,819,81,3
9,9,9,7380,729,4
9,9,9,66429,6561,5
9,9,9,597870,59049,6
9,9,9,5380839,531441,7
9,9,9,48427560,4782969,8
9,9,9,435848049,43046721,9
9,9,10,9,1,1
9,9,10,90,9,2
9,9,10,819,81,3
9,9,10,7380,729,4
9,9,10,66429,6561,5
9,9,10,597870,59049,6
9,9,10,5380839,531441,7
9,9,10,48427560,4782969,8
9,9,10,435848049,43046721,9
10,10,1,10,1,1
10,10,2,10,1,1
10,10,2,110,10,2
10,10,3,10,1,1
10,10,3,110,10,2
10,10,3,1110,100,3
10,10,4,10,1,1
10,10,4,110,10,2
10,10,4,1110,100,3
10,10,4,11110,1000,4
10,10,5,10,1,1
10,10,5,110,10,2
10,10,5,1110,100,3
10,10,5,11110,1000,4
10,10,5,111110,10000,5
10,10,6,10,1,1
10,10,6,110,10,2
10,10,6,1110,100,3
10,10,6,11110,1000,4
10,10,6,111110,10000,5
10,10,6,1111110,100000,6
10,10,7,10,1,1
10,10,7,110,10,2
10,10,7,1110,100,3
10,10,7,11110,1000,4
10,10,7,111110,10000,5
10,10,7,1111110,100000,6
10,10,7,11111110,1000000,7
10,10,8,10,1,1
10,10,8,110,10,2
10,10,8,1110,100,3
10,10,8,11110,1000,4
10,10,8,111110,10000,5
10,10,8,1111110,100000,6
10,10,8,11111110,1000000,7
10,10,8,111111110,10000000,8
10,10,9,10,1,1
10,10,9,110,10,2
10,10,9,1110,100,3
10,10,9,11110,1000,4
10,10,9,111110,10000,5
10,10,9,1111110,100000,6
10,10,9,11111110,1000000,7
10,10,9,111111110,10000000,8
10,10,9,1111111110,100000000,9
10,10,10,10,1,1
10,10,10,110,10,2
10,10,10,1110,100,3
10,10,10,11110,1000,4
10,10,10,111110,10000,5
10,10,10,1111110,100000,6
10,10,10,11111110,1000000,7
10,10,10,111111110,10000000,8
10,10,10,1111111110,100000000,9
0,0,1,0,1,1
0,1,1,1,1,1
0,2,1,2,1,1
0,3,1,3,1,1
0,4,1,4,1,1
0,5,1,5,1,1
0,6,1,6,1,1
0,7,1,7,1,1
0,8,1,8,1,1
0,9,1,9,1,1
0,10,1,10,1,1
0,11,1,11,1,1
0,12,1,12,1,1
0,13,1,13,1,1
0,14,1,14,1,1
0,15,1,15,1,1
0,16,1,16,1,1
0,17,1,17,1,1
0,18,1,18,1,1
0,19,1,19,1,1
0,20,1,20,1,1
0,0,2,0,1,1
0,0,2,0,0,2
0,1,2,1,1,1
0,1,2,1,0,2
0,2,2,2,1,1
0,2,2,2,0,2
0,3,2,3,1,1
0,3,2,3,0,2
0,4,2,4,1,1
0,4,2,4,0,2
0,5,2,5,1,1
0,5,2,5,0,2
0,6,2,6,1,1
0,6,2,6,0,2
0,7,2,7,1,1
0,7,2,7,0,2
0,8,2,8,1,1
0,8,2,8,0,2
0,9,2,9,1,1
0,9,2,9,0,2
0,10,2,10,1,1
0,10,2,10,0,2
0,11,2,11,1,1
0,11,2,11,0,2
0,12,2,12,1,1
0,12,2,12,0,2
0,13,2,13,1,1
0,13,2,13,0,2
0,14,2,14,1,1
0,14,2,14,0,2
0,15,2,15,1,1
0,15,2,15,0,2
0,16,2,16,1,1
0,16,2,16,0,2
0,17,2,17,1,1
0,17,2,17,0,2
0,18,2,18,1,1
0,18,2,18,0,2
0,19,2,19,1,1
0,19,2,19,0,2
0,20,2,20,1,1
0,20,2,20,0,2
0,0,3,0,1,1
0,0,3,0,0,2
0,0,3,0,0,3
0,1,3,1,1,1
0,1,3,1,0,2
0,1,3,1,0,3
0,2,3,2,1,1
0,2,3,2,0,2
0,2,3,2,0,3
0,3,3,3,1,1
0,3,3,3,0,2
0,3,3,3,0,3
0,4,3,4,1,1
0,4,3,4,0,2
0,4,3,4,0,3
0,5,3,5,1,1
0,5,3,5,0,2
0,5,3,5,0,3
0,6,3,6,1,1
0,6,3,6,0,2
0,6,3,6,0,3
0,7,3,7,1,1
0,7,3,7,0,2
0,7,3,7,0,3
0,8,3,8,1,1
0,8,3,8,0,2
0,8,3,8,0,3
0,9,3,9,1,1
0,9,3,9,0,2
0,9,3,9,0,3
0,10,3,10,1,1
0,10,3,10,0,2
0,10,3,10,0,3
0,11,3,11,1,1
0,11,3,11,0,2
0,11,3,11,0,3
0,12,3,12,1,1
0,12,3,12,0,2
0,12,3,12,0,3
0,13,3,13,1,1
0,13,3,13,0,2
0,13,3,13,0,3
0,14,3,14,1,1
0,14,3,14,0,2
0,14,3,14,0,3
0,15,3,15,1,1
0,15,3,15,0,2
0,15,3,15,0,3
0,16,3,16,1,1
0,16,3,16,0,2
0,16,3,16,0,3
0,17,3,17,1,1
0,17,3,17,0,2
0,17,3,17,0,3
0,18,3,18,1,1
0,18,3,18,0,2
0,18,3,18,0,3
0,19,3,19,1,1
0,19,3,19,0,2
0,19,3,19,0,3
0,20,3,20,1,1
0,20,3,20,0,2
0,20,3,20,0,3
0,0,4,0,1,1
0,0,4,0,0,2
0,0,4,0,0,3
0,0,4,0,0,4
0,1,4,1,1,1
0,1,4,1,0,2
0,1,4,1,0,3
0,1,4,1,0,4
0,2,4,2,1,1
0,2,4,2,0,2
0,2,4,2,0,3
0,2,4,2,0,4
0,3,4,3,1,1
0,3,4,3,0,2
0,3,4,3,0,3
0,3,4,3,0,4
0,4,4,4,1,1
0,4,4,4,0,2
0,4,4,4,0,3
0,4,4,4,0,4
0,5,4,5,1,1
0,5,4,5,0,2
0,5,4,5,0,3
0,5,4,5,0,4
0,6,4,6,1,1
0,6,4,6,0,2
0,6,4,6,0,3
0,6,4,6,0,4
0,7,4,7,1,1
0,7,4,7,0,2
0,7,4,7,0,3
0,7,4,7,0,4
0,8,4,8,1,1
0,8,4,8,0,2
0,8,4,8,0,3
0,8,4,8,0,4
0,9,4,9,1,1
0,9,4,9,0,2
0,9,4,9,0,3
0,9,4,9,0,4
0,10,4,10,1,1
0,10,4,10,0,2
0,10,4,10,0,3
0,10,4,10,0,4
0,11,4,11,1,1
0,11,4,11,0,2
0,11,4,11,0,3
0,11,4,11,0,4
0,12,4,12,1,1
0,12,4,12,0,2
0,12,4,12,0,3
0,12,4,12,0,4
0,13,4,13,1,1
0,13,4,13,0,2
0,13,4,13,0,3
0,13,4,13,0,4
0,14,4,14,1,1
0,14,4,14,0,2
0,14,4,14,0,3
0,14,4,14,0,4
0,15,4,15,1,1
0,15,4,15,0,2
0,15,4,15,0,3
0,15,4,15,0,4
0,16,4,16,1,1
0,16,4,16,0,2
0,16,4,16,0,3
0,16,4,16,0,4
0,17,4,17,1,1
0,17,4,17,0,2
0,17,4,17,0,3
0,17,4,17,0,4
0,18,4,18,1,1
0,18,4,18,0,2
0,18,4,18,0,3
0,18,4,18,0,4
0,19,4,19,1,1
0,19,4,19,0,2
0,19,4,19,0,3
0,19,4,19,0,4
0,20,4,20,1,1
0,20,4,20,0,2
0,20,4,20,0,3
0,20,4,20,0,4
0,0,5,0,1,1
0,0,5,0,0,2
0,0,5,0,0,3
0,0,5,0,0,4
0,0,5,0,0,5
0,1,5,1,1,1
0,1,5,1,0,2
0,1,5,1,0,3
0,1,5,1,0,4
0,1,5,1,0,5
0,2,5,2,1,1
0,2,5,2,0,2
0,2,5,2,0,3
0,2,5,2,0,4
0,2,5,2,0,5
0,3,5,3,1,1
0,3,5,3,0,2
0,3,5,3,0,3
0,3,5,3,0,4
0,3,5,3,0,5
0,4,5,4,1,1
0,4,5,4,0,2
0,4,5,4,0,3
0,4,5,4,0,4
0,4,5,4,0,5
0,5,5,5,1,1
0,5,5,5,0,2
0,5,5,5,0,3
0,5,5,5,0,4
0,5,5,5,0,5
0,6,5,6,1,1
0,6,5,6,0,2
0,6,5,6,0,3
0,6,5,6,0,4
0,6,5,6,0,5
0,7,5,7,1,1
0,7,5,7,0,2
0,7,5,7,0,3
0,7,5,7,0,4
0,7,5,7,0,5
0,8,5,8,1,1
0,8,5,8,0,2
0,8,5,8,0,3
0,8,5,8,0,4
0,8,5,8,0,5
0,9,5,9,1,1
0,9,5,9,0,2
0,9,5,9,0,3
0,9,5,9,0,4
0,9,5,9,0,5
0,10,5,10,1,1
0,10,5,10,0,2
0,10,5,10,0,3
0,10,5,10,0,4
0,10,5,10,0,5
0,11,5,11,1,1
0,11,5,11,0,2
0,11,5,11,0,3
0,11,5,11,0,4
0,11,5,11,0,5
0,12,5,12,1,1
0,12,5,12,0,2
0,12,5,12,0,3
0,12,5,12,0,4
0,12,5,12,0,5
0,13,5,13,1,1
0,13,5,13,0,2
0,13,5,13,0,3
0,13,5,13,0,4
0,13,5,13,0,5
0,14,5,14,1,1
0,14,5,14,0,2
0,14,5,14,0,3
0,14,5,14,0,4
0,14,5,14,0,5
0,15,5,15,1,1
0,15,5,15,0,2
0,15,5,15,0,3
0,15,5,15,0,4
0,15,5,15,0,5
0,16,5,16,1,1
0,16,5,16,0,2
0,16,5,16,0,3
0,16,5,16,0,4
0,16,5,16,0,5
0,17,5,17,1,1
0,17,5,17,0,2
0,17,5,17,0,3
0,17,5,17,0,4
0,17,5,17,0,5
0,18,5,18,1,1
0,18,5,18,0,2
0,18,5,18,0,3
0,18,5,18,0,4
0,18,5,18,0,5
0,19,5,19,1,1
0,19,5,19,0,2
0,19,5,19,0,3
0,19,5,19,0,4
0,19,5,19,0,5
0,20,5,20,1,1
0,20,5,20,0,2
0,20,5,20,0,3
0,20,5,20,0,4
0,20,5,20,0,5
0,0,6,0,1,1
0,0,6,0,0,2
0,0,6,0,0,3
0,0,6,0,0,4
0,0,6,0,0,5
0,0,6,0,0,6
0,1,6,1,1,1
0,1,6,1,0,2
0,1,6,1,0,3
0,1,6,1,0,4
0,1,6,1,0,5
0,1,6,1,0,6
0,2,6,2,1,1
0,2,6,2,0,2
0,2,6,2,0,3
0,2,6,2,0,4
0,2,6,2,0,5
0,2,6,2,0,6
0,3,6,3,1,1
0,3,6,3,0,2
0,3,6,3,0,3
0,3,6,3,0,4
0,3,6,3,0,5
0,3,6,3,0,6
0,4,6,4,1,1
0,4,6,4,0,2
0,4,6,4,0,3
0,4,6,4,0,4
0,4,6,4,0,5
0,4,6,4,0,6
0,5,6,5,1,1
0,5,6,5,0,2
0,5,6,5,0,3
0,5,6,5,0,4
0,5,6,5,0,5
0,5,6,5,0,6
0,6,6,6,1,1
0,6,6,6,0,2
0,6,6,6,0,3
0,6,6,6,0,4
0,6,6,6,0,5
0,6,6,6,0,6
0,7,6,7,1,1
0,7,6,7,0,2
0,7,6,7,0,3
0,7,6,7,0,4
0,7,6,7,0,5
0,7,6,7,0,6
0,8,6,8,1,1
0,8,6,8,0,2
0,8,6,8,0,3
0,8,6,8,0,4
0,8,6,8,0,5
0,8,6,8,0,6
0,9,6,9,1,1
0,9,6,9,0,2
0,9,6,9,0,3
0,9,6,9,0,4
0,9,6,9,0,5
0,9,6,9,0,6
0,10,6,10,1,1
0,10,6,10,0,2
0,10,6,10,0,3
0,10,6,10,0,4
0,10,6,10,0,5
0,10,6,10,0,6
0,11,6,11,1,1
0,11,6,11,0,2
0,11,6,11,0,3
0,11,6,11,0,4
0,11,6,11,0,5
0,11,6,11,0,6
0,12,6,12,1,1
0,12,6,12,0,2
0,12,6,12,0,3
0,12,6,12,0,4
0,12,6,12,0,5
0,12,6,12,0,6
0,13,6,13,1,1
0,13,6,13,0,2
0,13,6,13,0,3
0,13,6,13,0,4
0,13,6,13,0,5
0,13,6,13,0,6
0,14,6,14,1,1
0,14,6,14,0,2
0,14,6,14,0,3
0,14,6,14,0,4
0,14,6,14,0,5
0,14,6,14,0,6
0,15,6,15,1,1
0,15,6,15,0,2
0,15,6,15,0,3
0,15,6,15,0,4
0,15,6,15,0,5
0,15,6,15,0,6
0,16,6,16,1,1
0,16,6,16,0,2
0,16,6,16,0,3
0,16,6,16,0,4
0,16,6,16,0,5
0,16,6,16,0,6
0,17,6,17,1,1
0,17,6,17,0,2
0,17,6,17,0,3
0,17,6,17,0,4
0,17,6,17,0,5
0,17,6,17,0,6
0,18,6,18,1,1
0,18,6,18,0,2
0,18,6,18,0,3
0,18,6,18,0,4
0,18,6,18,0,5
0,18,6,18,0,6
0,19,6,19,1,1
0,19,6,19,0,2
0,19,6,19,0,3
0,19,6,19,0,4
0,19,6,19,0,5
0,19,6,19,0,6
0,20,6,20,1,1
0,20,6,20,0,2
0,20,6,20,0,3
0,20,6,20,0,4
0,20,6,20,0,5
0,20,6,20,0,6
0,0,7,0,1,1
0,0,7,0,0,2
0,0,7,0,0,3
0,0,7,0,0,4
0,0,7,0,0,5
0,0,7,0,0,6
0,0,7,0,0,7
0,1,7,1,1,1
0,1,7,1,0,2
0,1,7,1,0,3
0,1,7,1,0,4
0,1,7,1,0,5
0,1,7,1,0,6
0,1,7,1,0,7
0,2,7,2,1,1
0,2,7,2,0,2
0,2,7,2,0,3
0,2,7,2,0,4
0,2,7,2,0,5
0,2,7,2,0,6
0,2,7,2,0,7
0,3,7,3,1,1
0,3,7,3,0,2
0,3,7,3,0,3
0,3,7,3,0,4
0,3,7,3,0,5
0,3,7,3,0,6
0,3,7,3,0,7
0,4,7,4,1,1
0,4,7,4,0,2
0,4,7,4,0,3
0,4,7,4,0,4
0,4,7,4,0,5
0,4,7,4,0,6
0,4,7,4,0,7
0,5,7,5,1,1
0,5,7,5,0,2
0,5,7,5,0,3
0,5,7,5,0,4
0,5,7,5,0,5
0,5,7,5,0,6
0,5,7,5,0,7
0,6,7,6,1,1
0,6,7,6,0,2
0,6,7,6,0,3
0,6,7,6,0,4
0,6,7,6,0,5
0,6,7,6,0,6
0,6,7,6,0,7
0,7,7,7,1,1
0,7,7,7,0,2
0,7,7,7,0,3
0,7,7,7,0,4
0,7,7,7,0,5
0,7,7,7,0,6
0,7,7,7,0,7
0,8,7,8,1,1
0,8,7,8,0,2
0,8,7,8,0,3
0,8,7,8,0,4
0,8,7,8,0,5
0,8,7,8,0,6
0,8,7,8,0,7
0,9,7,9,1,1
0,9,7,9,0,2
0,9,7,9,0,3
0,9,7,9,0,4
0,9,7,9,0,5
0,9,7,9,0,6
0,9,7,9,0,7
0,10,7,10,1,1
0,10,7,10,0,2
0,10,7,10,0,3
0,10,7,10,0,4
0,10,7,10,0,5
0,10,7,10,0,6
0,10,7,10,0,7
0,11,7,11,1,1
0,11,7,11,0,2
0,11,7,11,0,3
0,11,7,11,0,4
0,11,7,11,0,5
0,11,7,11,0,6
0,11,7,11,0,7
0,12,7,12,1,1
0,12,7,12,0,2
0,12,7,12,0,3
0,12,7,12,0,4
0,12,7,12,0,5
0,12,7,12,0,6
0,12,7,12,0,7
0,13,7,13,1,1
0,13,7,13,0,2
0,13,7,13,0,3
0,13,7,13,0,4
0,13,7,13,0,5
0,13,7,13,0,6
0,13,7,13,0,7
0,14,7,14,1,1
0,14,7,14,0,2
0,14,7,14,0,3
0,14,7,14,0,4
0,14,7,14,0,5
0,14,7,14,0,6
0,14,7,14,0,7
0,15,7,15,1,1
0,15,7,15,0,2
0,15,7,15,0,3
0,15,7,15,0,4
0,15,7,15,0,5
0,15,7,15,0,6
0,15,7,15,0,7
0,16,7,16,1,1
0,16,7,16,0,2
0,16,7,16,0,3
0,16,7,16,0,4
0,16,7,16,0,5
0,16,7,16,0,6
0,16,7,16,0,7
0,17,7,17,1,1
0,17,7,17,0,2
0,17,7,17,0,3
0,17,7,17,0,4
0,17,7,17,0,5
0,17,7,17,0,6
0,17,7,17,0,7
0,18,7,18,1,1
0,18,7,18,0,2
0,18,7,18,0,3
0,18,7,18,0,4
0,18,7,18,0,5
0,18,7,18,0,6
0,18,7,18,0,7
0,19,7,19,1,1
0,19,7,19,0,2
0,19,7,19,0,3
0,19,7,19,0,4
0,19,7,19,0,5
0,19,7,19,0,6
0,19,7,19,0,7
0,20,7,20,1,1
0,20,7,20,0,2
0,20,7,20,0,3
0,20,7,20,0,4
0,20,7,20,0,5
0,20,7,20,0,6
0,20,7,20,0,7
0,0,8,0,1,1
0,0,8,0,0,2
0,0,8,0,0,3
0,0,8,0,0,4
0,0,8,0,0,5
0,0,8,0,0,6
0,0,8,0,0,7
0,0,8,0,0,8
0,1,8,1,1,1
0,1,8,1,0,2
0,1,8,1,0,3
0,1,8,1,0,4
0,1,8,1,0,5
0,1,8,1,0,6
0,1,8,1,0,7
0,1,8,1,0,8
0,2,8,2,1,1
0,2,8,2,0,2
0,2,8,2,0,3
0,2,8,2,0,4
0,2,8,2,0,5
0,2,8,2,0,6
0,2,8,2,0,7
0,2,8,2,0,8
0,3,8,3,1,1
0,3,8,3,0,2
0,3,8,3,0,3
0,3,8,3,0,4
0,3,8,3,0,5
0,3,8,3,0,6
0,3,8,3,0,7
0,3,8,3,0,8
0,4,8,4,1,1
0,4,8,4,0,2
0,4,8,4,0,3
0,4,8,4,0,4
0,4,8,4,0,5
0,4,8,4,0,6
0,4,8,4,0,7
0,4,8,4,0,8
0,5,8,5,1,1
0,5,8,5,0,2
0,5,8,5,0,3
0,5,8,5,0,4
0,5,8,5,0,5
0,5,8,5,0,6
0,5,8,5,0,7
0,5,8,5,0,8
0,6,8,6,1,1
0,6,8,6,0,2
0,6,8,6,0,3
0,6,8,6,0,4
0,6,8,6,0,5
0,6,8,6,0,6
0,6,8,6,0,7
0,6,8,6,0,8
0,7,8,7,1,1
0,7,8,7,0,2
0,7,8,7,0,3
0,7,8,7,0,4
0,7,8,7,0,5
0,7,8,7,0,6
0,7,8,7,0,7
0,7,8,7,0,8
0,8,8,8,1,1
0,8,8,8,0,2
0,8,8,8,0,3
0,8,8,8,0,4
0,8,8,8,0,5
0,8,8,8,0,6
0,8,8,8,0,7
0,8,8,8,0,8
0,9,8,9,1,1
0,9,8,9,0,2
0,9,8,9,0,3
0,9,8,9,0,4
0,9,8,9,0,5
0,9,8,9,0,6
0,9,8,9,0,7
0,9,8,9,0,8
0,10,8,10,1,1
0,10,8,10,0,2
0,10,8,10,0,3
0,10,8,10,0,4
0,10,8,10,0,5
0,10,8,10,0,6
0,10,8,10,0,7
0,10,8,10,0,8
0,11,8,11,1,1
0,11,8,11,0,2
0,11,8,11,0,3
0,11,8,11,0,4
0,11,8,11,0,5
0,11,8,11,0,6
0,11,8,11,0,7
0,11,8,11,0,8
0,12,8,12,1,1
0,12,8,12,0,2
0,12,8,12,0,3
0,12,8,12,0,4
0,12,8,12,0,5
0,12,8,12,0,6
0,12,8,12,0,7
0,12,8,12,0,8
0,13,8,13,1,1
0,13,8,13,0,2
0,13,8,13,0,3
0,13,8,13,0,4
0,13,8,13,0,5
0,13,8,13,0,6
0,13,8,13,0,7
0,13,8,13,0,8
0,14,8,14,1,1
0,14,8,14,0,2
0,14,8,14,0,3
0,14,8,14,0,4
0,14,8,14,0,5
0,14,8,14,0,6
0,14,8,14,0,7
0,14,8,14,0,8
0,15,8,15,1,1
0,15,8,15,0,2
0,15,8,15,0,3
0,15,8,15,0,4
0,15,8,15,0,5
0,15,8,15,0,6
0,15,8,15,0,7
0,15,8,15,0,8
0,16,8,16,1,1
0,16,8,16,0,2
0,16,8,16,0,3
0,16,8,16,0,4
0,16,8,16,0,5
0,16,8,16,0,6
0,16,8,16,0,7
0,16,8,16,0,8
0,17,8,17,1,1
0,17,8,17,0,2
0,17,8,17,0,3
0,17,8,17,0,4
0,17,8,17,0,5
0,17,8,17,0,6
0,17,8,17,0,7
0,17,8,17,0,8
0,18,8,18,1,1
0,18,8,18,0,2
0,18,8,18,0,3
0,18,8,18,0,4
0,18,8,18,0,5
0,18,8,18,0,6
0,18,8,18,0,7
0,18,8,18,0,8
0,19,8,19,1,1
0,19,8,19,0,2
0,19,8,19,0,3
0,19,8,19,0,4
0,19,8,19,0,5
0,19,8,19,0,6
0,19,8,19,0,7
0,19,8,19,0,8
0,20,8,20,1,1
0,20,8,20,0,2
0,20,8,20,0,3
0,20,8,20,0,4
0,20,8,20,0,5
0,20,8,20,0,6
0,20,8,20,0,7
0,20,8,20,0,8
0,0,9,0,1,1
0,0,9,0,0,2
0,0,9,0,0,3
0,0,9,0,0,4
0,0,9,0,0,5
0,0,9,0,0,6
0,0,9,0,0,7
0,0,9,0,0,8
0,0,9,0,0,9
0,1,9,1,1,1
0,1,9,1,0,2
0,1,9,1,0,3
0,1,9,1,0,4
0,1,9,1,0,5
0,1,9,1,0,6
0,1,9,1,0,7
0,1,9,1,0,8
0,1,9,1,0,9
0,2,9,2,1,1
0,2,9,2,0,2
0,2,9,2,0,3
0,2,9,2,0,4
0,2,9,2,0,5
0,2,9,2,0,6
0,2,9,2,0,7
0,2,9,2,0,8
0,2,9,2,0,9
0,3,9,3,1,1
0,3,9,3,0,2
0,3,9,3,0,3
0,3,9,3,0,4
0,3,9,3,0,5
0,3,9,3,0,6
0,3,9,3,0,7
0,3,9,3,0,8
0,3,9,3,0,9
0,4,9,4,1,1
0,4,9,4,0,2
0,4,9,4,0,3
0,4,9,4,0,4
0,4,9,4,0,5
0,4,9,4,0,6
0,4,9,4,0,7
0,4,9,4,0,8
0,4,9,4,0,9
0,5,9,5,1,1
0,5,9,5,0,2
0,5,9,5,0,3
0,5,9,5,0,4
0,5,9,5,0,5
0,5,9,5,0,6
0,5,9,5,0,7
0,5,9,5,0,8
0,5,9,5,0,9
0,6,9,6,1,1
0,6,9,6,0,2
0,6,9,6,0,3
0,6,9,6,0,4
0,6,9,6,0,5
0,6,9,6,0,6
0,6,9,6,0,7
0,6,9,6,0,8
0,6,9,6,0,9
0,7,9,7,1,1
0,7,9,7,0,2
0,7,9,7,0,3
0,7,9,7,0,4
0,7,9,7,0,5
0,7,9,7,0,6
0,7,9,7,0,7
0,7,9,7,0,8
0,7,9,7,0,9
0,8,9,8,1,1
0,8,9,8,0,2
0,8,9,8,0,3
0,8,9,8,0,4
0,8,9,8,0,5
0,8,9,8,0,6
0,8,9,8,0,7
0,8,9,8,0,8
0,8,9,8,0,9
0,9,9,9,1,1
0,9,9,9,0,2
0,9,9,9,0,3
0,9,9,9,0,4
0,9,9,9,0,5
0,9,9,9,0,6
0,9,9,9,0,7
0,9,9,9,0,8
0,9,9,9,0,9
0,10,9,10,1,1
0,10,9,10,0,2
0,10,9,10,0,3
0,10,9,10,0,4
0,10,9,10,0,5
0,10,9,10,0,6
0,10,9,10,0,7
0,10,9,10,0,8
0,10,9,10,0,9
0,11,9,11,1,1
0,11,9,11,0,2
0,11,9,11,0,3
0,11,9,11,0,4
0,11,9,11,0,5
0,11,9,11,0,6
0,11,9,11,0,7
0,11,9,11,0,8
0,11,9,11,0,9
0,12,9,12,1,1
0,12,9,12,0,2
0,12,9,12,0,3
0,12,9,12,0,4
0,12,9,12,0,5
0,12,9,12,0,6
0,12,9,12,0,7
0,12,9,12,0,8
0,12,9,12,0,9
0,13,9,13,1,1
0,13,9,13,0,2
0,13,9,13,0,3
0,13,9,13,0,4
0,13,9,13,0,5
0,13,9,13,0,6
0,13,9,13,0,7
0,13,9,13,0,8
0,13,9,13,0,9
0,14,9,14,1,1
0,14,9,14,0,2
0,14,9,14,0,3
0,14,9,14,0,4
0,14,9,14,0,5
0,14,9,14,0,6
0,14,9,14,0,7
0,14,9,14,0,8
0,14,9,14,0,9
0,15,9,15,1,1
0,15,9,15,0,2
0,15,9,15,0,3
0,15,9,15,0,4
0,15,9,15,0,5
0,15,9,15,0,6
0,15,9,15,0,7
0,15,9,15,0,8
0,15,9,15,0,9
0,16,9,16,1,1
0,16,9,16,0,2
0,16,9,16,0,3
0,16,9,16,0,4
0,16,9,16,0,5
0,16,9,16,0,6
0,16,9,16,0,7
0,16,9,16,0,8
0,16,9,16,0,9
0,17,9,17,1,1
0,17,9,17,0,2
0,17,9,17,0,3
0,17,9,17,0,4
0,17,9,17,0,5
0,17,9,17,0,6
0,17,9,17,0,7
0,17,9,17,0,8
0,17,9,17,0,9
0,18,9,18,1,1
0,18,9,18,0,2
0,18,9,18,0,3
0,18,9,18,0,4
0,18,9,18,0,5
0,18,9,18,0,6
0,18,9,18,0,7
0,18,9,18,0,8
0,18,9,18,0,9
0,19,9,19,1,1
0,19,9,19,0,2
0,19,9,19,0,3
0,19,9,19,0,4
0,19,9,19,0,5
0,19,9,19,0,6
0,19,9,19,0,7
0,19,9,19,0,8
0,19,9,19,0,9
0,20,9,20,1,1
0,20,9,20,0,2
0,20,9,20,0,3
0,20,9,20,0,4
0,20,9,20,0,5
0,20,9,20,0,6
0,20,9,20,0,7
0,20,9,20,0,8
0,20,9,20,0,9
0,0,10,0,1,1
0,0,10,0,0,2
0,0,10,0,0,3
0,0,10,0,0,4
0,0,10,0,0,5
0,0,10,0,0,6
0,0,10,0,0,7
0,0,10,0,0,8
0,0,10,0,0,9
0,0,10,0,0,10
0,1,10,1,1,1
0,1,10,1,0,2
0,1,10,1,0,3
0,1,10,1,0,4
0,1,10,1,0,5
0,1,10,1,0,6
0,1,10,1,0,7
0,1,10,1,0,8
0,1,10,1,0,9
0,1,10,1,0,10
0,2,10,2,1,1
0,2,10,2,0,2
0,2,10,2,0,3
0,2,10,2,0,4
0,2,10,2,0,5
0,2,10,2,0,6
0,2,10,2,0,7
0,2,10,2,0,8
0,2,10,2,0,9
0,2,10,2,0,10
0,3,10,3,1,1
0,3,10,3,0,2
0,3,10,3,0,3
0,3,10,3,0,4
0,3,10,3,0,5
0,3,10,3,0,6
0,3,10,3,0,7
0,3,10,3,0,8
0,3,10,3,0,9
0,3,10,3,0,10
0,4,10,4,1,1
0,4,10,4,0,2
0,4,10,4,0,3
0,4,10,4,0,4
0,4,10,4,0,5
0,4,10,4,0,6
0,4,10,4,0,7
0,4,10,4,0,8
0,4,10,4,0,9
0,4,10,4,0,10
0,5,10,5,1,1
0,5,10,5,0,2
0,5,10,5,0,3
0,5,10,5,0,4
0,5,10,5,0,5
0,5,10,5,0,6
0,5,10,5,0,7
0,5,10,5,0,8
0,5,10,5,0,9
0,5,10,5,0,10
0,6,10,6,1,1
0,6,10,6,0,2
0,6,10,6,0,3
0,6,10,6,0,4
0,6,10,6,0,5
0,6,10,6,0,6
0,6,10,6,0,7
0,6,10,6,0,8
0,6,10,6,0,9
0,6,10,6,0,10
0,7,10,7,1,1
0,7,10,7,0,2
0,7,10,7,0,3
0,7,10,7,0,4
0,7,10,7,0,5
0,7,10,7,0,6
0,7,10,7,0,7
0,7,10,7,0,8
0,7,10,7,0,9
0,7,10,7,0,10
0,8,10,8,1,1
0,8,10,8,0,2
0,8,10,8,0,3
0,8,10,8,0,4
0,8,10,8,0,5
0,8,10,8,0,6
0,8,10,8,0,7
0,8,10,8,0,8
0,8,10,8,0,9
0,8,10,8,0,10
0,9,10,9,1,1
0,9,10,9,0,2
0,9,10,9,0,3
0,9,10,9,0,4
0,9,10,9,0,5
0,9,10,9,0,6
0,9,10,9,0,7
0,9,10,9,0,8
0,9,10,9,0,9
0,9,10,9,0,10
0,10,10,10,1,1
0,10,10,10,0,2
0,10,10,10,0,3
0,10,10,10,0,4
0,10,10,10,0,5
0,10,10,10,0,6
0,10,10,10,0,7
0,10,10,10,0,8
0,10,10,10,0,9
0,10,10,10,0,10
0,11,10,11,1,1
0,11,10,11,0,2
0,11,10,11,0,3
0,11,10,11,0,4
0,11,10,11,0,5
0,11,10,11,0,6
0,11,10,11,0,7
0,11,10,11,0,8
0,11,10,11,0,9
0,11,10,11,0,10
0,12,10,12,1,1
0,12,10,12,0,2
0,12,10,12,0,3
0,12,10,12,0,4
0,12,10,12,0,5
0,12,10,12,0,6
0,12,10,12,0,7
0,12,10,12,0,8
0,12,10,12,0,9
0,12,10,12,0,10
0,13,10,13,1,1
0,13,10,13,0,2
0,13,10,13,0,3
0,13,10,13,0,4
0,13,10,13,0,5
0,13,10,13,0,6
0,13,10,13,0,7
0,13,10,13,0,8
0,13,10,13,0,9
0,13,10,13,0,10
0,14,10,14,1,1
0,14,10,14,0,2
0,14,10,14,0,3
0,14,10,14,0,4
0,14,10,14,0,5
0,14,10,14,0,6
0,14,10,14,0,7
0,14,10,14,0,8
0,14,10,14,0,9
0,14,10,14,0,10
0,15,10,15,1,1
0,15,10,15,0,2
0,15,10,15,0,3
0,15,10,15,0,4
0,15,10,15,0,5
0,15,10,15,0,6
0,15,10,15,0,7
0,15,10,15,0,8
0,15,10,15,0,9
0,15,10,15,0,10
0,16,10,16,1,1
0,16,10,16,0,2
0,16,10,16,0,3
0,16,10,16,0,4
0,16,10,16,0,5
0,16,10,16,0,6
0,16,10,16,0,7
0,16,10,16,0,8
0,16,10,16,0,9
0,16,10,16,0,10
0,17,10,17,1,1
0,17,10,17,0,2
0,17,10,17,0,3
0,17,10,17,0,4
0,17,10,17,0,5
0,17,10,17,0,6
0,17,10,17,0,7
0,17,10,17,0,8
0,17,10,17,0,9
0,17,10,17,0,10
0,18,10,18,1,1
0,18,10,18,0,2
0,18,10,18,0,3
0,18,10,18,0,4
0,18,10,18,0,5
0,18,10,18,0,6
0,18,10,18,0,7
0,18,10,18,0,8
0,18,10,18,0,9
0,18,10,18,0,10
0,19,10,19,1,1
0,19,10,19,0,2
0,19,10,19,0,3
0,19,10,19,0,4
0,19,10,19,0,5
0,19,10,19,0,6
0,19,10,19,0,7
0,19,10,19,0,8
0,19,10,19,0,9
0,19,10,19,0,10
0,20,10,20,1,1
0,20,10,20,0,2
0,20,10,20,0,3
0,20,10,20,0,4
0,20,10,20,0,5
0,20,10,20,0,6
0,20,10,20,0,7
0,20,10,20,0,8
0,20,10,20,0,9
0,20,10,20,0,10
1,0,1,0,1,1
1,1,1,1,1,1
1,2,1,2,1,1
1,3,1,3,1,1
1,4,1,4,1,1
1,5,1,5,1,1
1,6,1,6,1,1
1,7,1,7,1,1
1,8,1,8,1,1
1,9,1,9,1,1
1,10,1,10,1,1
1,11,1,11,1,1
1,12,1,12,1,1
1,13,1,13,1,1
1,14,1,14,1,1
1,15,1,15,1,1
1,16,1,16,1,1
1,17,1,17,1,1
1,18,1,18,1,1
1,19,1,19,1,1
1,20,1,20,1,1
1,0,2,0,1,1
1,0,2,0,1,2
1,1,2,1,1,1
1,1,2,2,1,2
1,2,2,2,1,1
1,2,2,4,1,2
1,3,2,3,1,1
1,3,2,6,1,2
1,4,2,4,1,1
1,4,2,8,1,2
1,5,2,5,1,1
1,5,2,10,1,2
1,6,2,6,1,1
1,6,2,12,1,2
1,7,2,7,1,1
1,7,2,14,1,2
1,8,2,8,1,1
1,8,2,16,1,2
1,9,2,9,1,1
1,9,2,18,1,2
1,10,2,10,1,1
1,10,2,20,1,2
1,11,2,11,1,1
1,11,2,22,1,2
1,12,2,12,1,1
1,12,2,24,1,2
1,13,2,13,1,1
1,13,2,26,1,2
1,14,2,14,1,1
1,14,2,28,1,2
1,15,2,15,1,1
1,15,2,30,1,2
1,16,2,16,1,1
1,16,2,32,1,2
1,17,2,17,1,1
1,17,2,34,1,2
1,18,2,18,1,1
1,18,2,36,1,2
1,19,2,19,1,1
1,19,2,38,1,2
1,20,2,20,1,1
1,20,2,40,1,2
1,0,3,0,1,1
1,0,3,0,1,2
1,0,3,0,1,3
1,1,3,1,1,1
1,1,3,2,1,2
1,1,3,3,1,3
1,2,3,2,1,1
1,2,3,4,1,2
1,2,3,6,1,3
1,3,3,3,1,1
1,3,3,6,1,2
1,3,3,9,1,3
1,4,3,4,1,1
1,4,3,8,1,2
1,4,3,12,1,3
1,5,3,5,1,1
1,5,3,10,1,2
1,5,3,15,1,3
1,6,3,6,1,1
1,6,3,12,1,2
1,6,3,18,1,3
1,7,3,7,1,1
1,7,3,14,1,2
1,7,3,21,1,3
1,8,3,8,1,1
1,8,3,16,1,2
1,8,3,24,1,3
1,9,3,9,1,1
1,9,3,18,1,2
1,9,3,27,1,3
1,10,3,10,1,1
1,10,3,20,1,2
1,10,3,30,1,3
1,11,3,11,1,1
1,11,3,22,1,2
1,11,3,33,1,3
1,12,3,12,1,1
1,12,3,24,1,2
1,12,3,36,1,3
1,13,3,13,1,1
1,13,3,26,1,2
1,13,3,39,1,3
1,14,3,14,1,1
1,14,3,28,1,2
1,14,3,42,1,3
1,15,3,15,1,1
1,15,3,30,1,2
1,15,3,45,1,3
1,16,3,16,1,1
1,16,3,32,1,2
1,16,3,48,1,3
1,17,3,17,1,1
1,17,3,34,1,2
1,17,3,51,1,3
1,18,3,18,1,1
1,18,3,36,1,2
1,18,3,54,1,3
1,19,3,19,1,1
1,19,3,38,1,2
1,19,3,57,1,3
1,20,3,20,1,1
1,20,3,40,1,2
1,20,3,60,1,3
1,0,4,0,1,1
1,0,4,0,1,2
1,0,4,0,1,3
1,0,4,0,1,4
1,1,4,1,1,1
1,1,4,2,1,2
1,1,4,3,1,3
1,1,4,4,1,4
1,2,4,2,1,1
1,2,4,4,1,2
1,2,4,6,1,3
1,2,4,8,1,4
1,3,4,3,1,1
1,3,4,6,1,2
1,3,4,9,1,3
1,3,4,12,1,4
1,4,4,4,1,1
1,4,4,8,1,2
1,4,4,12,1,3
1,4,4,16,1,4
1,5,4,5,1,1
1,5,4,10,1,2
1,5,4,15,1,3
1,5,4,20,1,4
1,6,4,6,1,1
1,6,4,12,1,2
1,6,4,18,1,3
1,6,4,24,1,4
1,7,4,7,1,1
1,7,4,14,1,2
1,7,4,21,1,3
1,7,4,28,1,4
1,8,4,8,1,1
1,8,4,16,1,2
1,8,4,24,1,3
1,8,4,32,1,4
1,9,4,9,1,1
1,9,4,18,1,2
1,9,4,27,1,3
1,9,4,36,1,4
1,10,4,10,1,1
1,10,4,20,1,2
1,10,4,30,1,3
1,10,4,40,1,4
1,11,4,11,1,1
1,11,4,22,1,2
1,11,4,33,1,3
1,11,4,44,1,4
1,12,4,12,1,1
1,12,4,24,1,2
1,12,4,36,1,3
1,12,4,48,1,4
1,13,4,13,1,1
1,13,4,26,1,2
1,13,4,39,1,3
1,13,4,52,1,4
1,14,4,14,1,1
1,14,4,28,1,2
1,14,4,42,1,3
1,14,4,56,1,4
1,15,4,15,1,1
1,15,4,30,1,2
1,15,4,45,1,3
1,15,4,60,1,4
1,16,4,16,1,1
1,16,4,32,1,2
1,16,4,48,1,3
1,16,4,64,1,4
1,17,4,17,1,1
1,17,4,34,1,2
1,17,4,51,1,3
1,17,4,68,1,4
1,18,4,18,1,1
1,18,4,36,1,2
1,18,4,54,1,3
1,18,4,72,1,4
1,19,4,19,1,1
1,19,4,38,1,2
1,19,4,57,1,3
1,19,4,76,1,4
1,20,4,20,1,1
1,20,4,40,1,2
1,20,4,60,1,3
1,20,4,80,1,4
1,0,5,0,1,1
1,0,5,0,1,2
1,0,5,0,1,3
1,0,5,0,1,4
1,0,5,0,1,5
1,1,5,1,1,1
1,1,5,2,1,2
1,1,5,3,1,3
1,1,5,4,1,4
1,1,5,5,1,5
1,2,5,2,1,1
1,2,5,4,1,2
1,2,5,6,1,3
1,2,5,8,1,4
1,2,5,10,1,5
1,3,5,3,1,1
1,3,5,6,1,2
1,3,5,9,1,3
1,3,5,12,1,4
1,3,5,15,1,5
1,4,5,4,1,1
1,4,5,8,1,2
1,4,5,12,1,3
1,4,5,16,1,4
1,4,5,20,1,5
1,5,5,5,1,1
1,5,5,10,1,2
1,5,5,15,1,3
1,5,5,20,1,4
1,5,5,25,1,5
1,6,5,6,1,1
1,6,5,12,1,2
1,6,5,18,1,3
1,6,5,24,1,4
1,6,5,30,1,5
1,7,5,7,1,1
1,7,5,14,1,2
1,7,5,21,1,3
1,7,5,28,1,4
1,7,5,35,1,5
1,8,5,8,1,1
1,8,5,16,1,2
1,8,5,24,1,3
1,8,5,32,1,4
1,8,5,40,1,5
1,9,5,9,1,1
1,9,5,18,1,2
1,9,5,27,1,3
1,9,5,36,1,4
1,9,5,45,1,5
1,10,5,10,1,1
1,10,5,20,1,2
1,10,5,30,1,3
1,10,5,40,1,4
1,10,5,50,1,5
1,11,5,11,1,1
1,11,5,22,1,2
1,11,5,33,1,3
1,11,5,44,1,4
1,11,5,55,1,5
1,12,5,12,1,1
1,12,5,24,1,2
1,12,5,36,1,3
1,12,5,48,1,4
1,12,5,60,1,5
1,13,5,13,1,1
1,13,5,26,1,2
1,13,5,39,1,3
1,13,5,52,1,4
1,13,5,65,1,5
1,14,5,14,1,1
1,14,5,28,1,2
1,14,5,42,1,3
1,14,5,56,1,4
1,14,5,70,1,5
1,15,5,15,1,1
1,15,5,30,1,2
1,15,5,45,1,3
1,15,5,60,1,4
1,15,5,75,1,5
1,16,5,16,1,1
1,16,5,32,1,2
1,16,5,48,1,3
1,16,5,64,1,4
1,16,5,80,1,5
1,17,5,17,1,1
1,17,5,34,1,2
1,17,5,51,1,3
1,17,5,68,1,4
1,17,5,85,1,5
1,18,5,18,1,1
1,18,5,36,1,2
1,18,5,54,1,3
1,18,5,72,1,4
1,18,5,90,1,5
1,19,5,19,1,1
1,19,5,38,1,2
1,19,5,57,1,3
1,19,5,76,1,4
1,19,5,95,1,5
1,20,5,20,1,1
1,20,5,40,1,2
1,20,5,60,1,3
1,20,5,80,1,4
1,20,5,100,1,5
1,0,6,0,1,1
1,0,6,0,1,2
1,0,6,0,1,3
1,0,6,0,1,4
1,0,6,0,1,5
1,0,6,0,1,6
1,1,6,1,1,1
1,1,6,2,1,2
1,1,6,3,1,3
1,1,6,4,1,4
1,1,6,5,1,5
1,1,6,6,1,6
1,2,6,2,1,1
1,2,6,4,1,2
1,2,6,6,1,3
1,2,6,8,1,4
1,2,6,10,1,5
1,2,6,12,1,6
1,3,6,3,1,1
1,3,6,6,1,2
1,3,6,9,1,3
1,3,6,12,1,4
1,3,6,15,1,5
1,3,6,18,1,6
1,4,6,4,1,1
1,4,6,8,1,2
1,4,6,12,1,3
1,4,6,16,1,4
1,4,6,20,1,5
1,4,6,24,1,6
1,5,6,5,1,1
1,5,6,10,1,2
1,5,6,15,1,3
1,5,6,20,1,4
1,5,6,25,1,5
1,5,6,30,1,6
1,6,6,6,1,1
1,6,6,12,1,2
1,6,6,18,1,3
1,6,6,24,1,4
1,6,6,30,1,5
1,6,6,36,1,6
1,7,6,7,1,1
1,7,6,14,1,2
1,7,6,21,1,3
1,7,6,28,1,4
1,7,6,35,1,5
1,7,6,42,1,6
1,8,6,8,1,1
1,8,6,16,1,2
1,8,6,24,1,3
1,8,6,32,1,4
1,8,6,40,1,5
1,8,6,48,1,6
1,9,6,9,1,1
1,9,6,18,1,2
1,9,6,27,1,3
1,9,6,36,1,4
1,9,6,45,1,5
1,9,6,54,1,6
1,10,6,10,1,1
1,10,6,20,1,2
1,10,6,30,1,3
1,10,6,40,1,4
1,10,6,50,1,5
1,10,6,60,1,6
1,11,6,11,1,1
1,11,6,22,1,2
1,11,6,33,1,3
1,11,6,44,1,4
1,11,6,55,1,5
1,11,6,66,1,6
1,12,6,12,1,1
1,12,6,24,1,2
1,12,6,36,1,3
1,12,6,48,1,4
1,12,6,60,1,5
1,12,6,72,1,6
1,13,6,13,1,1
1,13,6,26,1,2
1,13,6,39,1,3
1,13,6,52,1,4
1,13,6,65,1,5
1,13,6,78,1,6
1,14,6,14,1,1
1,14,6,28,1,2
1,14,6,42,1,3
1,14,6,56,1,4
1,14,6,70,1,5
1,14,6,84,1,6
1,15,6,15,1,1
1,15,6,30,1,2
1,15,6,45,1,3
1,15,6,60,1,4
1,15,6,75,1,5
1,15,6,90,1,6
1,16,6,16,1,1
1,16,6,32,1,2
1,16,6,48,1,3
1,16,6,64,1,4
1,16,6,80,1,5
1,16,6,96,1,6
1,17,6,17,1,1
1,17,6,34,1,2
1,17,6,51,1,3
1,17,6,68,1,4
1,17,6,85,1,5
1,17,6,102,1,6
1,18,6,18,1,1
1,18,6,36,1,2
1,18,6,54,1,3
1,18,6,72,1,4
1,18,6,90,1,5
1,18,6,108,1,6
1,19,6,19,1,1
1,19,6,38,1,2
1,19,6,57,1,3
1,19,6,76,1,4
1,19,6,95,1,5
1,19,6,114,1,6
1,20,6,20,1,1
1,20,6,40,1,2
1,20,6,60,1,3
1,20,6,80,1,4
1,20,6,100,1,5
1,20,6,120,1,6
1,0,7,0,1,1
1,0,7,0,1,2
1,0,7,0,1,3
1,0,7,0,1,4
1,0,7,0,1,5
1,0,7,0,1,6
1,0,7,0,1,7
1,1,7,1,1,1
1,1,7,2,1,2
1,1,7,3,1,3
1,1,7,4,1,4
1,1,7,5,1,5
1,1,7,6,1,6
1,1,7,7,1,7
1,2,7,2,1,1
1,2,7,4,1,2
1,2,7,6,1,3
1,2,7,8,1,4
1,2,7,10,1,5
1,2,7,12,1,6
1,2,7,14,1,7
1,3,7,3,1,1
1,3,7,6,1,2
1,3,7,9,1,3
1,3,7,12,1,4
1,3,7,15,1,5
1,3,7,18,1,6
1,3,7,21,1,7
1,4,7,4,1,1
1,4,7,8,1,2
1,4,7,12,1,3
1,4,7,16,1,4
1,4,7,20,1,5
1,4,7,24,1,6
1,4,7,28,1,7
1,5,7,5,1,1
1,5,7,10,1,2
1,5,7,15,1,3
1,5,7,20,1,4
1,5,7,25,1,5
1,5,7,30,1,6
1,5,7,35,1,7
1,6,7,6,1,1
1,6,7,12,1,2
1,6,7,18,1,3
1,6,7,24,1,4
1,6,7,30,1,5
1,6,7,36,1,6
1,6,7,42,1,7
1,7,7,7,1,1
1,7,7,14,1,2
1,7,7,21,1,3
1,7,7,28,1,4
1,7,7,35,1,5
1,7,7,42,1,6
1,7,7,49,1,7
1,8,7,8,1,1
1,8,7,16,1,2
1,8,7,24,1,3
1,8,7,32,1,4
1,8,7,40,1,5
1,8,7,48,1,6
1,8,7,56,1,7
1,9,7,9,1,1
1,9,7,18,1,2
1,9,7,27,1,3
1,9,7,36,1,4
1,9,7,45,1,5
1,9,7,54,1,6
1,9,7,63,1,7
1,10,7,10,1,1
1,10,7,20,1,2
1,10,7,30,1,3
1,10,7,40,1,4
1,10,7,50,1,5
1,10,7,60,1,6
1,10,7,70,1,7
1,11,7,11,1,1
1,11,7,22,1,2
1,11,7,33,1,3
1,11,7,44,1,4
1,11,7,55,1,5
1,11,7,66,1,6
1,11,7,77,1,7
1,12,7,12,1,1
1,12,7,24,1,2
1,12,7,36,1,3
1,12,7,48,1,4
1,12,7,60,1,5
1,12,7,72,1,6
1,12,7,84,1,7
1,13,7,13,1,1
1,13,7,26,1,2
1,13,7,39,1,3
1,13,7,52,1,4
1,13,7,65,1,5
1,13,7,78,1,6
1,13,7,91,1,7
1,14,7,14,1,1
1,14,7,28,1,2
1,14,7,42,1,3
1,14,7,56,1,4
1,14,7,70,1,5
1,14,7,84,1,6
1,14,7,98,1,7
1,15,7,15,1,1
1,15,7,30,1,2
1,15,7,45,1,3
1,15,7,60,1,4
1,15,7,75,1,5
1,15,7,90,1,6
1,15,7,105,1,7
1,16,7,16,1,1
1,16,7,32,1,2
1,16,7,48,1,3
1,16,7,64,1,4
1,16,7,80,1,5
1,16,7,96,1,6
1,16,7,112,1,7
1,17,7,17,1,1
1,17,7,34,1,2
1,17,7,51,1,3
1,17,7,68,1,4
1,17,7,85,1,5
1,17,7,102,1,6
1,17,7,119,1,7
1,18,7,18,1,1
1,18,7,36,1,2
1,18,7,54,1,3
1,18,7,72,1,4
1,18,7,90,1,5
1,18,7,108,1,6
1,18,7,126,1,7
1,19,7,19,1,1
1,19,7,38,1,2
1,19,7,57,1,3
1,19,7,76,1,4
1,19,7,95,1,5
1,19,7,114,1,6
1,19,7,133,1,7
1,20,7,20,1,1
1,20,7,40,1,2
1,20,7,60,1,3
1,20,7,80,1,4
1,20,7,100,1,5
1,20,7,120,1,6
1,20,7,140,1,7
1,0,8,0,1,1
1,0,8,0,1,2
1,0,8,0,1,3
1,0,8,0,1,4
1,0,8,0,1,5
1,0,8,0,1,6
1,0,8,0,1,7
1,0,8,0,1,8
1,1,8,1,1,1
1,1,8,2,1,2
1,1,8,3,1,3
1,1,8,4,1,4
1,1,8,5,1,5
1,1,8,6,1,6
1,1,8,7,1,7
1,1,8,8,1,8
1,2,8,2,1,1
1,2,8,4,1,2
1,2,8,6,1,3
1,2,8,8,1,4
1,2,8,10,1,5
1,2,8,12,1,6
1,2,8,14,1,7
1,2,8,16,1,8
1,3,8,3,1,1
1,3,8,6,1,2
1,3,8,9,1,3
1,3,8,12,1,4
1,3,8,15,1,5
1,3,8,18,1,6
1,3,8,21,1,7
1,3,8,24,1,8
1,4,8,4,1,1
1,4,8,8,1,2
1,4,8,12,1,3
1,4,8,16,1,4
1,4,8,20,1,5
1,4,8,24,1,6
1,4,8,28,1,7
1,4,8,32,1,8
1,5,8,5,1,1
1,5,8,10,1,2
1,5,8,15,1,3
1,5,8,20,1,4
1,5,8,25,1,5
1,5,8,30,1,6
1,5,8,35,1,7
1,5,8,40,1,8
1,6,8,6,1,1
1,6,8,12,1,2
1,6,8,18,1,3
1,6,8,24,1,4
1,6,8,30,1,5
1,6,8,36,1,6
1,6,8,42,1,7
1,6,8,48,1,8
1,7,8,7,1,1
1,7,8,14,1,2
1,7,8,21,1,3
1,7,8,28,1,4
1,7,8,35,1,5
1,7,8,42,1,6
1,7,8,49,1,7
1,7,8,56,1,8
1,8,8,8,1,1
1,8,8,16,1,2
1,8,8,24,1,3
1,8,8,32,1,4
1,8,8,40,1,5
1,8,8,48,1,6
1,8,8,56,1,7
1,8,8,64,1,8
1,9,8,9,1,1
1,9,8,18,1,2
1,9,8,27,1,3
1,9,8,36,1,4
1,9,8,45,1,5
1,9,8,54,1,6
1,9,8,63,1,7
1,9,8,72,1,8
1,10,8,10,1,1
1,10,8,20,1,2
1,10,8,30,1,3
1,10,8,40,1,4
1,10,8,50,1,5
1,10,8,60,1,6
1,10,8,70,1,7
1,10,8,80,1,8
1,11,8,11,1,1
1,11,8,22,1,2
1,11,8,33,1,3
1,11,8,44,1,4
1,11,8,55,1,5
1,11,8,66,1,6
1,11,8,77,1,7
1,11,8,88,1,8
1,12,8,12,1,1
1,12,8,24,1,2
1,12,8,36,1,3
1,12,8,48,1,4
1,12,8,60,1,5
1,12,8,72,1,6
1,12,8,84,1,7
1,12,8,96,1,8
1,13,8,13,1,1
1,13,8,26,1,2
1,13,8,39,1,3
1,13,8,52,1,4
1,13,8,65,1,5
1,13,8,78,1,6
1,13,8,91,1,7
1,13,8,104,1,8
1,14,8,14,1,1
1,14,8,28,1,2
1,14,8,42,1,3
1,14,8,56,1,4
1,14,8,70,1,5
1,14,8,84,1,6
1,14,8,98,1,7
1,14,8,112,1,8
1,15,8,15,1,1
1,15,8,30,1,2
1,15,8,45,1,3
1,15,8,60,1,4
1,15,8,75,1,5
1,15,8,90,1,6
1,15,8,105,1,7
1,15,8,120,1,8
1,16,8,16,1,1
1,16,8,32,1,2
1,16,8,48,1,3
1,16,8,64,1,4
1,16,8,80,1,5
1,16,8,96,1,6
1,16,8,112,1,7
1,16,8,128,1,8
1,17,8,17,1,1
1,17,8,34,1,2
1,17,8,51,1,3
1,17,8,68,1,4
1,17,8,85,1,5
1,17,8,102,1,6
1,17,8,119,1,7
1,17,8,136,1,8
1,18,8,18,1,1
1,18,8,36,1,2
1,18,8,54,1,3
1,18,8,72,1,4
1,18,8,90,1,5
1,18,8,108,1,6
1,18,8,126,1,7
1,18,8,144,1,8
1,19,8,19,1,1
1,19,8,38,1,2
1,19,8,57,1,3
1,19,8,76,1,4
1,19,8,95,1,5
1,19,8,114,1,6
1,19,8,133,1,7
1,19,8,152,1,8
1,20,8,20,1,1
1,20,8,40,1,2
1,20,8,60,1,3
1,20,8,80,1,4
1,20,8,100,1,5
1,20,8,120,1,6
1,20,8,140,1,7
1,20,8,160,1,8
1,0,9,0,1,1
1,0,9,0,1,2
1,0,9,0,1,3
1,0,9,0,1,4
1,0,9,0,1,5
1,0,9,0,1,6
1,0,9,0,1,7
1,0,9,0,1,8
1,0,9,0,1,9
1,1,9,1,1,1
1,1,9,2,1,2
1,1,9,3,1,3
1,1,9,4,1,4
1,1,9,5,1,5
1,1,9,6,1,6
1,1,9,7,1,7
1,1,9,8,1,8
1,1,9,9,1,9
1,2,9,2,1,1
1,2,9,4,1,2
1,2,9,6,1,3
1,2,9,8,1,4
1,2,9,10,1,5
1,2,9,12,1,6
1,2,9,14,1,7
1,2,9,16,1,8
1,2,9,18,1,9
1,3,9,3,1,1
1,3,9,6,1,2
1,3,9,9,1,3
1,3,9,12,1,4
1,3,9,15,1,5
1,3,9,18,1,6
1,3,9,21,1,7
1,3,9,24,1,8
1,3,9,27,1,9
1,4,9,4,1,1
1,4,9,8,1,2
1,4,9,12,1,3
1,4,9,16,1,4
1,4,9,20,1,5
1,4,9,24,1,6
1,4,9,28,1,7
1,4,9,32,1,8
1,4,9,36,1,9
1,5,9,5,1,1
1,5,9,10,1,2
1,5,9,15,1,3
1,5,9,20,1,4
1,5,9,25,1,5
1,5,9,30,1,6
1,5,9,35,1,7
1,5,9,40,1,8
1,5,9,45,1,9
1,6,9,6,1,1
1,6,9,12,1,2
1,6,9,18,1,3
1,6,9,24,1,4
1,6,9,30,1,5
1,6,9,36,1,6
1,6,9,42,1,7
1,6,9,48,1,8
1,6,9,54,1,9
1,7,9,7,1,1
1,7,9,14,1,2
1,7,9,21,1,3
1,7,9,28,1,4
1,7,9,35,1,5
1,7,9,42,1,6
1,7,9,49,1,7
1,7,9,56,1,8
1,7,9,63,1,9
1,8,9,8,1,1
1,8,9,16,1,2
1,8,9,24,1,3
1,8,9,32,1,4
1,8,9,40,1,5
1,8,9,48,1,6
1,8,9,56,1,7
1,8,9,64,1,8
1,8,9,72,1,9
1,9,9,9,1,1
1,9,9,18,1,2
1,9,9,27,1,3
1,9,9,36,1,4
1,9,9,45,1,5
1,9,9,54,1,6
1,9,9,63,1,7
1,9,9,72,1,8
1,9,9,81,1,9
1,10,9,10,1,1
1,10,9,20,1,2
1,10,9,30,1,3
1,10,9,40,1,4
1,10,9,50,1,5
1,10,9,60,1,6
1,10,9,70,1,7
1,10,9,80,1,8
1,10,9,90,1,9
1,11,9,11,1,1
1,11,9,22,1,2
1,11,9,33,1,3
1,11,9,44,1,4
1,11,9,55,1,5
1,11,9,66,1,6
1,11,9,77,1,7
1,11,9,88,1,8
1,11,9,99,1,9
1,12,9,12,1,1
1,12,9,24,1,2
1,12,9,36,1,3
1,12,9,48,1,4
1,12,9,60,1,5
1,12,9,72,1,6
1,12,9,84,1,7
1,12,9,96,1,8
1,12,9,108,1,9
1,13,9,13,1,1
1,13,9,26,1,2
1,13,9,39,1,3
1,13,9,52,1,4
1,13,9,65,1,5
1,13,9,78,1,6
1,13,9,91,1,7
1,13,9,104,1,8
1,13,9,117,1,9
1,14,9,14,1,1
1,14,9,28,1,2
1,14,9,42,1,3
1,14,9,56,1,4
1,14,9,70,1,5
1,14,9,84,1,6
1,14,9,98,1,7
1,14,9,112,1,8
1,14,9,126,1,9
1,15,9,15,1,1
1,15,9,30,1,2
1,15,9,45,1,3
1,15,9,60,1,4
1,15,9,75,1,5
1,15,9,90,1,6
1,15,9,105,1,7
1,15,9,120,1,8
1,15,9,135,1,9
1,16,9,16,1,1
1,16,9,32,1,2
1,16,9,48,1,3
1,16,9,64,1,4
1,16,9,80,1,5
1,16,9,96,1,6
1,16,9,112,1,7
1,16,9,128,1,8
1,16,9,144,1,9
1,17,9,17,1,1
1,17,9,34,1,2
1,17,9,51,1,3
1,17,9,68,1,4
1,17,9,85,1,5
1,17,9,102,1,6
1,17,9,119,1,7
1,17,9,136,1,8
1,17,9,153,1,9
1,18,9,18,1,1
1,18,9,36,1,2
1,18,9,54,1,3
1,18,9,72,1,4
1,18,9,90,1,5
1,18,9,108,1,6
1,18,9,126,1,7
1,18,9,144,1,8
1,18,9,162,1,9
1,19,9,19,1,1
1,19,9,38,1,2
1,19,9,57,1,3
1,19,9,76,1,4
1,19,9,95,1,5
1,19,9,114,1,6
1,19,9,133,1,7
1,19,9,152,1,8
1,19,9,171,1,9
1,20,9,20,1,1
1,20,9,40,1,2
1,20,9,60,1,3
1,20,9,80,1,4
1,20,9,100,1,5
1,20,9,120,1,6
1,20,9,140,1,7
1,20,9,160,1,8
1,20,9,180,1,9
1,0,10,0,1,1
1,0,10,0,1,2
1,0,10,0,1,3
1,0,10,0,1,4
1,0,10,0,1,5
1,0,10,0,1,6
1,0,10,0,1,7
1,0,10,0,1,8
1,0,10,0,1,9
1,0,10,0,1,10
1,1,10,1,1,1
1,1,10,2,1,2
1,1,10,3,1,3
1,1,10,4,1,4
1,1,10,5,1,5
1,1,10,6,1,6
1,1,10,7,1,7
1,1,10,8,1,8
1,1,10,9,1,9
1,1,10,10,1,10
1,2,10,2,1,1
1,2,10,4,1,2
1,2,10,6,1,3
1,2,10,8,1,4
1,2,10,10,1,5
1,2,10,12,1,6
1,2,10,14,1,7
1,2,10,16,1,8
1,2,10,18,1,9
1,2,10,20,1,10
1,3,10,3,1,1
1,3,10,6,1,2
1,3,10,9,1,3
1,3,10,12,1,4
1,3,10,15,1,5
1,3,10,18,1,6
1,3,10,21,1,7
1,3,10,24,1,8
1,3,10,27,1,9
1,3,10,30,1,10
1,4,10,4,1,1
1,4,10,8,1,2
1,4,10,12,1,3
1,4,10,16,1,4
1,4,10,20,1,5
1,4,10,24,1,6
1,4,10,28,1,7
1,4,10,32,1,8
1,4,10,36,1,9
1,4,10,40,1,10
1,5,10,5,1,1
1,5,10,10,1,2
1,5,10,15,1,3
1,5,10,20,1,4
1,5,10,25,1,5
1,5,10,30,1,6
1,5,10,35,1,7
1,5,10,40,1,8
1,5,10,45,1,9
1,5,10,50,1,10
1,6,10,6,1,1
1,6,10,12,1,2
1,6,10,18,1,3
1,6,10,24,1,4
1,6,10,30,1,5
1,6,10,36,1,6
1,6,10,42,1,7
1,6,10,48,1,8
1,6,10,54,1,9
1,6,10,60,1,10
1,7,10,7,1,1
1,7,10,14,1,2
1,7,10,21,1,3
1,7,10,28,1,4
1,7,10,35,1,5
1,7,10,42,1,6
1,7,10,49,1,7
1,7,10,56,1,8
1,7,10,63,1,9
1,7,10,70,1,10
1,8,10,8,1,1
1,8,10,16,1,2
1,8,10,24,1,3
1,8,10,32,1,4
1,8,10,40,1,5
1,8,10,48,1,6
1,8,10,56,1,7
1,8,10,64,1,8
1,8,10,72,1,9
1,8,10,80,1,10
1,9,10,9,1,1
1,9,10,18,1,2
1,9,10,27,1,3
1,9,10,36,1,4
1,9,10,45,1,5
1,9,10,54,1,6
1,9,10,63,1,7
1,9,10,72,1,8
1,9,10,81,1,9
1,9,10,90,1,10
1,10,10,10,1,1
1,10,10,20,1,2
1,10,10,30,1,3
1,10,10,40,1,4
1,10,10,50,1,5
1,10,10,60,1,6
1,10,10,70,1,7
1,10,10,80,1,8
1,10,10,90,1,9
1,10,10,100,1,10
1,11,10,11,1,1
1,11,10,22,1,2
1,11,10,33,1,3
1,11,10,44,1,4
1,11,10,55,1,5
1,11,10,66,1,6
1,11,10,77,1,7
1,11,10,88,1,8
1,11,10,99,1,9
1,11,10,110,1,10
1,12,10,12,1,1
1,12,10,24,1,2
1,12,10,36,1,3
1,12,10,48,1,4
1,12,10,60,1,5
1,12,10,72,1,6
1,12,10,84,1,7
1,12,10,96,1,8
1,12,10,108,1,9
1,12,10,120,1,10
1,13,10,13,1,1
1,13,10,26,1,2
1,13,10,39,1,3
1,13,10,52,1,4
1,13,10,65,1,5
1,13,10,78,1,6
1,13,10,91,1,7
1,13,10,104,1,8
1,13,10,117,1,9
1,13,10,130,1,10
1,14,10,14,1,1
1,14,10,28,1,2
1,14,10,42,1,3
1,14,10,56,1,4
1,14,10,70,1,5
1,14,10,84,1,6
1,14,10,98,1,7
1,14,10,112,1,8
1,14,10,126,1,9
1,14,10,140,1,10
1,15,10,15,1,1
1,15,10,30,1,2
1,15,10,45,1,3
1,15,10,60,1,4
1,15,10,75,1,5
1,15,10,90,1,6
1,15,10,105,1,7
1,15,10,120,1,8
1,15,10,135,1,9
1,15,10,150,1,10
1,16,10,16,1,1
1,16,10,32,1,2
1,16,10,48,1,3
1,16,10,64,1,4
1,16,10,80,1,5
1,16,10,96,1,6
1,16,10,112,1,7
1,16,10,128,1,8
1,16,10,144,1,9
1,16,10,160,1,10
1,17,10,17,1,1
1,17,10,34,1,2
1,17,10,51,1,3
1,17,10,68,1,4
1,17,10,85,1,5
1,17,10,102,1,6
1,17,10,119,1,7
1,17,10,136,1,8
1,17,10,153,1,9
1,17,10,170,1,10
1,18,10,18,1,1
1,18,10,36,1,2
1,18,10,54,1,3
1,18,10,72,1,4
1,18,10,90,1,5
1,18,10,108,1,6
1,18,10,126,1,7
1,18,10,144,1,8
1,18,10,162,1,9
1,18,10,180,1,10
1,19,10,19,1,1
1,19,10,38,1,2
1,19,10,57,1,3
1,19,10,76,1,4
1,19,10,95,1,5
1,19,10,114,1,6
1,19,10,133,1,7
1,19,10,152,1,8
1,19,10,171,1,9
1,19,10,190,1,10
1,20,10,20,1,1
1,20,10,40,1,2
1,20,10,60,1,3
1,20,10,80,1,4
1,20,10,100,1,5
1,20,10,120,1,6
1,20,10,140,1,7
1,20,10,160,1,8
1,20,10,180,1,9
1,20,10,200,1,10
2,0,1,0,1,1
2,1,1,1,1,1
2,2,1,2,1,1
2,3,1,3,1,1
2,4,1,4,1,1
2,5,1,5,1,1
2,6,1,6,1,1
2,7,1,7,1,1
2,8,1,8,1,1
2,9,1,9,1,1
2,10,1,10,1,1
2,11,1,11,1,1
2,12,1,12,1,1
2,13,1,13,1,1
2,14,1,14,1,1
2,15,1,15,1,1
2,16,1,16,1,1
2,17,1,17,1,1
2,18,1,18,1,1
2,19,1,19,1,1
2,20,1,20,1,1
2,0,2,0,1,1
2,0,2,0,2,2
2,1,2,1,1,1
2,1,2,3,2,2
2,2,2,2,1,1
2,2,2,6,2,2
2,3,2,3,1,1
2,3,2,9,2,2
2,4,2,4,1,1
2,4,2,12,2,2
2,5,2,5,1,1
2,5,2,15,2,2
2,6,2,6,1,1
2,6,2,18,2,2
2,7,2,7,1,1
2,7,2,21,2,2
2,8,2,8,1,1
2,8,2,24,2,2
2,9,2,9,1,1
2,9,2,27,2,2
2,10,2,10,1,1
2,10,2,30,2,2
2,11,2,11,1,1
2,11,2,33,2,2
2,12,2,12,1,1
2,12,2,36,2,2
2,13,2,13,1,1
2,13,2,39,2,2
2,14,2,14,1,1
2,14,2,42,2,2
2,15,2,15,1,1
2,15,2,45,2,2
2,16,2,16,1,1
2,16,2,48,2,2
2,17,2,17,1,1
2,17,2,51,2,2
2,18,2,18,1,1
2,18,2,54,2,2
2,19,2,19,1,1
2,19,2,57,2,2
2,20,2,20,1,1
2,20,2,60,2,2
2,0,3,0,1,1
2,0,3,0,2,2
2,0,3,0,4,3
2,1,3,1,1,1
2,1,3,3,2,2
2,1,3,7,4,3
2,2,3,2,1,1
2,2,3,6,2,2
2,2,3,14,4,3
2,3,3,3,1,1
2,3,3,9,2,2
2,3,3,21,4,3
2,4,3,4,1,1
2,4,3,12,2,2
2,4,3,28,4,3
2,5,3,5,1,1
2,5,3,15,2,2
2,5,3,35,4,3
2,6,3,6,1,1
2,6,3,18,2,2
2,6,3,42,4,3
2,7,3,7,1,1
2,7,3,21,2,2
2,7,3,49,4,3
2,8,3,8,1,1
2,8,3,24,2,2
2,8,3,56,4,3
2,9,3,9,1,1
2,9,3,27,2,2
2,9,3,63,4,3
2,10,3,10,1,1
2,10,3,30,2,2
2,10,3,70,4,3
2,11,3,11,1,1
2,11,3,33,2,2
2,11,3,77,4,3
2,12,3,12,1,1
2,12,3,36,2,2
2,12,3,84,4,3
2,13,3,13,1,1
2,13,3,39,2,2
2,13,3,91,4,3
2,14,3,14,1,1
2,14,3,42,2,2
2,14,3,98,4,3
2,15,3,15,1,1
2,15,3,45,2,2
2,15,3,105,4,3
2,16,3,16,1,1
2,16,3,48,2,2
2,16,3,112,4,3
2,17,3,17,1,1
2,17,3,51,2,2
2,17,3,119,4,3
2,18,3,18,1,1
2,18,3,54,2,2
2,18,3,126,4,3
2,19,3,19,1,1
2,19,3,57,2,2
2,19,3,133,4,3
2,20,3,20,1,1
2,20,3,60,2,2
2,20,3,140,4,3
2,0,4,0,1,1
2,0,4,0,2,2
2,0,4,0,4,3
2,0,4,0,8,4
2,1,4,1,1,1
2,1,4,3,2,2
2,1,4,7,4,3
2,1,4,15,8,4
2,2,4,2,1,1
2,2,4,6,2,2
2,2,4,14,4,3
2,2,4,30,8,4
2,3,4,3,1,1
2,3,4,9,2,2
2,3,4,21,4,3
2,3,4,45,8,4
2,4,4,4,1,1
2,4,4,12,2,2
2,4,4,28,4,3
2,4,4,60,8,4
2,5,4,5,1,1
2,5,4,15,2,2
2,5,4,35,4,3
2,5,4,75,8,4
2,6,4,6,1,1
2,6,4,18,2,2
2,6,4,42,4,3
2,6,4,90,8,4
2,7,4,7,1,1
2,7,4,21,2,2
2,7,4,49,4,3
2,7,4,105,8,4
2,8,4,8,1,1
2,8,4,24,2,2
2,8,4,56,4,3
2,8,4,120,8,4
2,9,4,9,1,1
2,9,4,27,2,2
2,9,4,63,4,3
2,9,4,135,8,4
2,10,4,10,1,1
2,10,4,30,2,2
2,10,4,70,4,3
2,10,4,150,8,4
2,11,4,11,1,1
2,11,4,33,2,2
2,11,4,77,4,3
2,11,4,165,8,4
2,12,4,12,1,1
2,12,4,36,2,2
2,12,4,84,4,3
2,12,4,180,8,4
2,13,4,13,1,1
2,13,4,39,2,2
2,13,4,91,4,3
2,13,4,195,8,4
2,14,4,14,1,1
2,14,4,42,2,2
2,14,4,98,4,3
2,14,4,210,8,4
2,15,4,15,1,1
2,15,4,45,2,2
2,15,4,105,4,3
2,15,4,225,8,4
2,16,4,16,1,1
2,16,4,48,2,2
2,16,4,112,4,3
2,16,4,240,8,4
2,17,4,17,1,1
2,17,4,51,2,2
2,17,4,119,4,3
2,17,4,255,8,4
2,18,4,18,1,1
2,18,4,54,2,2
2,18,4,126,4,3
2,18,4,270,8,4
2,19,4,19,1,1
2,19,4,57,2,2
2,19,4,133,4,3
2,19,4,285,8,4
2,20,4,20,1,1
2,20,4,60,2,2
2,20,4,140,4,3
2,20,4,300,8,4
2,0,5,0,1,1
2,0,5,0,2,2
2,0,5,0,4,3
2,0,5,0,8,4
2,0,5,0,16,5
2,1,5,1,1,1
2,1,5,3,2,2
2,1,5,7,4,3
2,1,5,15,8,4
2,1,5,31,16,5
2,2,5,2,1,1
2,2,5,6,2,2
2,2,5,14,4,3
2,2,5,30,8,4
2,2,5,62,16,5
2,3,5,3,1,1
2,3,5,9,2,2
2,3,5,21,4,3
2,3,5,45,8,4
2,3,5,93,16,5
2,4,5,4,1,1
2,4,5,12,2,2
2,4,5,28,4,3
2,4,5,60,8,4
2,4,5,124,16,5
2,5,5,5,1,1
2,5,5,15,2,2
2,5,5,35,4,3
2,5,5,75,8,4
2,5,5,155,16,5
2,6,5,6,1,1
2,6,5,18,2,2
2,6,5,42,4,3
2,6,5,90,8,4
2,6,5,186,16,5
2,7,5,7,1,1
2,7,5,21,2,2
2,7,5,49,4,3
2,7,5,105,8,4
2,7,5,217,16,5
2,8,5,8,1,1
2,8,5,24,2,2
2,8,5,56,4,3
2,8,5,120,8,4
2,8,5,248,16,5
2,9,5,9,1,1
2,9,5,27,2,2
2,9,5,63,4,3
2,9,5,135,8,4
2,9,5,279,16,5
2,10,5,10,1,1
2,10,5,30,2,2
2,10,5,70,4,3
2,10,5,150,8,4
2,10,5,310,16,5
2,11,5,11,1,1
2,11,5,33,2,2
2,11,5,77,4,3
2,11,5,165,8,4
2,11,5,341,16,5
2,12,5,12,1,1
2,12,5,36,2,2
2,12,5,84,4,3
2,12,5,180,8,4
2,12,5,372,16,5
2,13,5,13,1,1
2,13,5,39,2,2
2,13,5,91,4,3
2,13,5,195,8,4
2,13,5,403,16,5
2,14,5,14,1,1
2,14,5,42,2,2
2,14,5,98,4,3
2,14,5,210,8,4
2,14,5,434,16,5
2,15,5,15,1,1
2,15,5,45,2,2
2,15,5,105,4,3
2,15,5,225,8,4
2,15,5,465,16,5
2,16,5,16,1,1
2,16,5,48,2,2
2,16,5,112,4,3
2,16,5,240,8,4
2,16,5,496,16,5
2,17,5,17,1,1
2,17,5,51,2,2
2,17,5,119,4,3
2,17,5,255,8,4
2,17,5,527,16,5
2,18,5,18,1,1
2,18,5,54,2,2
2,18,5,126,4,3
2,18,5,270,8,4
2,18,5,558,16,5
2,19,5,19,1,1
2,19,5,57,2,2
2,19,5,133,4,3
2,19,5,285,8,4
2,19,5,589,16,5
2,20,5,20,1,1
2,20,5,60,2,2
2,20,5,140,4,3
2,20,5,300,8,4
2,20,5,620,16,5
2,0,6,0,1,1
2,0,6,0,2,2
2,0,6,0,4,3
2,0,6,0,8,4
2,0,6,0,16,5
2,0,6,0,32,6
2,1,6,1,1,1
2,1,6,3,2,2
2,1,6,7,4,3
2,1,6,15,8,4
2,1,6,31,16,5
2,1,6,63,32,6
2,2,6,2,1,1
2,2,6,6,2,2
2,2,6,14,4,3
2,2,6,30,8,4
2,2,6,62,16,5
2,2,6,126,32,6
2,3,6,3,1,1
2,3,6,9,2,2
2,3,6,21,4,3
2,3,6,45,8,4
2,3,6,93,16,5
2,3,6,189,32,6
2,4,6,4,1,1
2,4,6,12,2,2
2,4,6,28,4,3
2,4,6,60,8,4
2,4,6,124,16,5
2,4,6,252,32,6
2,5,6,5,1,1
2,5,6,15,2,2
2,5,6,35,4,3
2,5,6,75,8,4
2,5,6,155,16,5
2,5,6,315,32,6
2,6,6,6,1,1
2,6,6,18,2,2
2,6,6,42,4,3
2,6,6,90,8,4
2,6,6,186,16,5
2,6,6,378,32,6
2,7,6,7,1,1
2,7,6,21,2,2
2,7,6,49,4,3
2,7,6,105,8,4
2,7,6,217,16,5
2,7,6,441,32,6
2,8,6,8,1,1
2,8,6,24,2,2
2,8,6,56,4,3
2,8,6,120,8,4
2,8,6,248,16,5
2,8,6,504,32,6
2,9,6,9,1,1
2,9,6,27,2,2
2,9,6,63,4,3
2,9,6,135,8,4
2,9,6,279,16,5
2,9,6,567,32,6
2,10,6,10,1,1
2,10,6,30,2,2
2,10,6,70,4,3
2,10,6,150,8,4
2,10,6,310,16,5
2,10,6,630,32,6
2,11,6,11,1,1
2,11,6,33,2,2
2,11,6,77,4,3
2,11,6,165,8,4
2,11,6,341,16,5
2,11,6,693,32,6
2,12,6,12,1,1
2,12,6,36,2,2
2,12,6,84,4,3
2,12,6,180,8,4
2,12,6,372,16,5
2,12,6,756,32,6
2,13,6,13,1,1
2,13,6,39,2,2
2,13,6,91,4,3
2,13,6,195,8,4
2,13,6,403,16,5
2,13,6,819,32,6
2,14,6,14,1,1
2,14,6,42,2,2
2,14,6,98,4,3
2,14,6,210,8,4
2,14,6,434,16,5
2,14,6,882,32,6
2,15,6,15,1,1
2,15,6,45,2,2
2,15,6,105,4,3
2,15,6,225,8,4
2,15,6,465,16,5
2,15,6,945,32,6
2,16,6,16,1,1
2,16,6,48,2,2
2,16,6,112,4,3
2,16,6,240,8,4
2,16,6,496,16,5
2,16,6,1008,32,6
2,17,6,17,1,1
2,17,6,51,2,2
2,17,6,119,4,3
2,17,6,255,8,4
2,17,6,527,16,5
2,17,6,1071,32,6
2,18,6,18,1,1
2,18,6,54,2,2
2,18,6,126,4,3
2,18,6,270,8,4
2,18,6,558,16,5
2,18,6,1134,32,6
2,19,6,19,1,1
2,19,6,57,2,2
2,19,6,133,4,3
2,19,6,285,8,4
2,19,6,589,16,5
2,19,6,1197,32,6
2,20,6,20,1,1
2,20,6,60,2,2
2,20,6,140,4,3
2,20,6,300,8,4
2,20,6,620,16,5
2,20,6,1260,32,6
2,0,7,0,1,1
2,0,7,0,2,2
2,0,7,0,4,3
2,0,7,0,8,4
2,0,7,0,16,5
2,0,7,0,32,6
2,0,7,0,64,7
2,1,7,1,1,1
2,1,7,3,2,2
2,1,7,7,4,3
2,1,7,15,8,4
2,1,7,31,16,5
2,1,7,63,32,6
2,1,7,127,64,7
2,2,7,2,1,1
2,2,7,6,2,2
2,2,7,14,4,3
2,2,7,30,8,4
2,2,7,62,16,5
2,2,7,126,32,6
2,2,7,254,64,7
2,3,7,3,1,1
2,3,7,9,2,2
2,3,7,21,4,3
2,3,7,45,8,4
2,3,7,93,16,5
2,3,7,189,32,6
2,3,7,381,64,7
2,4,7,4,1,1
2,4,7,12,2,2
2,4,7,28,4,3
2,4,7,60,8,4
2,4,7,124,16,5
2,4,7,252,32,6
2,4,7,508,64,7
2,5,7,5,1,1
2,5,7,15,2,2
2,5,7,35,4,3
2,5,7,75,8,4
2,5,7,155,16,5
2,5,7,315,32,6
2,5,7,635,64,7
2,6,7,6,1,1
2,6,7,18,2,2
2,6,7,42,4,3
2,6,7,90,8,4
2,6,7,186,16,5
2,6,7,378,32,6
2,6,7,762,64,7
2,7,7,7,1,1
2,7,7,21,2,2
2,7,7,49,4,3
2,7,7,105,8,4
2,7,7,217,16,5
2,7,7,441,32,6
2,7,7,889,64,7
2,8,7,8,1,1
2,8,7,24,2,2
2,8,7,56,4,3
2,8,7,120,8,4
2,8,7,248,16,5
2,8,7,504,32,6
2,8,7,1016,64,7
2,9,7,9,1,1
2,9,7,27,2,2
2,9,7,63,4,3
2,9,7,135,8,4
2,9,7,279,16,5
2,9,7,567,32,6
2,9,7,1143,64,7
2,10,7,10,1,1
2,10,7,30,2,2
2,10,7,70,4,3
2,10,7,150,8,4
2,10,7,310,16,5
2,10,7,630,32,6
2,10,7,1270,64,7
2,11,7,11,1,1
2,11,7,33,2,2
2,11,7,77,4,3
2,11,7,165,8,4
2,11,7,341,16,5
2,11,7,693,32,6
2,11,7,1397,64,7
2,12,7,12,1,1
2,12,7,36,2,2
2,12,7,84,4,3
2,12,7,180,8,4
2,12,7,372,16,5
2,12,7,756,32,6
2,12,7,1524,64,7
2,13,7,13,1,1
2,13,7,39,2,2
2,13,7,91,4,3
2,13,7,195,8,4
2,13,7,403,16,5
2,13,7,819,32,6
2,13,7,1651,64,7
2,14,7,14,1,1
2,14,7,42,2,2
2,14,7,98,4,3
2,14,7,210,8,4
2,14,7,434,16,5
2,14,7,882,32,6
2,14,7,1778,64,7
2,15,7,15,1,1
2,15,7,45,2,2
2,15,7,105,4,3
2,15,7,225,8,4
2,15,7,465,16,5
2,15,7,945,32,6
2,15,7,1905,64,7
2,16,7,16,1,1
2,16,7,48,2,2
2,16,7,112,4,3
2,16,7,240,8,4
2,16,7,496,16,5
2,16,7,1008,32,6
2,16,7,2032,64,7
2,17,7,17,1,1
2,17,7,51,2,2
2,17,7,119,4,3
2,17,7,255,8,4
2,17,7,527,16,5
2,17,7,1071,32,6
2,17,7,2159,64,7
2,18,7,18,1,1
2,18,7,54,2,2
2,18,7,126,4,3
2,18,7,270,8,4
2,18,7,558,16,5
2,18,7,1134,32,6
2,18,7,2286,64,7
2,19,7,19,1,1
2,19,7,57,2,2
2,19,7,133,4,3
2,19,7,285,8,4
2,19,7,589,16,5
2,19,7,1197,32,6
2,19,7,2413,64,7
2,20,7,20,1,1
2,20,7,60,2,2
2,20,7,140,4,3
2,20,7,300,8,4
2,20,7,620,16,5
2,20,7,1260,32,6
2,20,7,2540,64,7
2,0,8,0,1,1
2,0,8,0,2,2
2,0,8,0,4,3
2,0,8,0,8,4
2,0,8,0,16,5
2,0,8,0,32,6
2,0,8,0,64,7
2,0,8,0,128,8
2,1,8,1,1,1
2,1,8,3,2,2
2,1,8,7,4,3
2,1,8,15,8,4
2,1,8,31,16,5
2,1,8,63,32,6
2,1,8,127,64,7
2,1,8,255,128,8
2,2,8,2,1,1
2,2,8,6,2,2
2,2,8,14,4,3
2,2,8,30,8,4
2,2,8,62,16,5
2,2,8,126,32,6
2,2,8,254,64,7
2,2,8,510,128,8
2,3,8,3,1,1
2,3,8,9,2,2
2,3,8,21,4,3
2,3,8,45,8,4
2,3,8,93,16,5
2,3,8,189,32,6
2,3,8,381,64,7
2,3,8,765,128,8
2,4,8,4,1,1
2,4,8,12,2,2
2,4,8,28,4,3
2,4,8,60,8,4
2,4,8,124,16,5
2,4,8,252,32,6
2,4,8,508,64,7
2,4,8,1020,128,8
2,5,8,5,1,1
2,5,8,15,2,2
2,5,8,35,4,3
2,5,8,75,8,4
2,5,8,155,16,5
2,5,8,315,32,6
2,5,8,635,64,7
2,5,8,1275,128,8
2,6,8,6,1,1
2,6,8,18,2,2
2,6,8,42,4,3
2,6,8,90,8,4
2,6,8,186,16,5
2,6,8,378,32,6
2,6,8,762,64,7
2,6,8,1530,128,8
2,7,8,7,1,1
2,7,8,21,2,2
2,7,8,49,4,3
2,7,8,105,8,4
2,7,8,217,16,5
2,7,8,441,32,6
2,7,8,889,64,7
2,7,8,1785,128,8
2,8,8,8,1,1
2,8,8,24,2,2
2,8,8,56,4,3
2,8,8,120,8,4
2,8,8,248,16,5
2,8,8,504,32,6
2,8,8,1016,64,7
2,8,8,2040,128,8
2,9,8,9,1,1
2,9,8,27,2,2
2,9,8,63,4,3
2,9,8,135,8,4
2,9,8,279,16,5
2,9,8,567,32,6
2,9,8,1143,64,7
2,9,8,2295,128,8
2,10,8,10,1,1
2,10,8,30,2,2
2,10,8,70,4,3
2,10,8,150,8,4
2,10,8,310,16,5
2,10,8,630,32,6
2,10,8,1270,64,7
2,10,8,2550,128,8
2,11,8,11,1,1
2,11,8,33,2,2
2,11,8,77,4,3
2,11,8,165,8,4
2,11,8,341,16,5
2,11,8,693,32,6
2,11,8,1397,64,7
2,11,8,2805,128,8
2,12,8,12,1,1
2,12,8,36,2,2
2,12,8,84,4,3
2,12,8,180,8,4
2,12,8,372,16,5
2,12,8,756,32,6
2,12,8,1524,64,7
2,12,8,3060,128,8
2,13,8,13,1,1
2,13,8,39,2,2
2,13,8,91,4,3
2,13,8,195,8,4
2,13,8,403,16,5
2,13,8,819,32,6
2,13,8,1651,64,7
2,13,8,3315,128,8
2,14,8,14,1,1
2,14,8,42,2,2
2,14,8,98,4,3
2,14,8,210,8,4
2,14,8,434,16,5
2,14,8,882,32,6
2,14,8,1778,64,7
2,14,8,3570,128,8
2,15,8,15,1,1
2,15,8,45,2,2
2,15,8,105,4,3
2,15,8,225,8,4
2,15,8,465,16,5
2,15,8,945,32,6
2,15,8,1905,64,7
2,15,8,3825,128,8
2,16,8,16,1,1
2,16,8,48,2,2
2,16,8,112,4,3
2,16,8,240,8,4
2,16,8,496,16,5
2,16,8,1008,32,6
2,16,8,2032,64,7
2,16,8,4080,128,8
2,17,8,17,1,1
2,17,8,51,2,2
2,17,8,119,4,3
2,17,8,255,8,4
2,17,8,527,16,5
2,17,8,1071,32,6
2,17,8,2159,64,7
2,17,8,4335,128,8
2,18,8,18,1,1
2,18,8,54,2,2
2,18,8,126,4,3
2,18,8,270,8,4
2,18,8,558,16,5
2,18,8,1134,32,6
2,18,8,2286,64,7
2,18,8,4590,128,8
2,19,8,19,1,1
2,19,8,57,2,2
2,19,8,133,4,3
2,19,8,285,8,4
2,19,8,589,16,5
2,19,8,1197,32,6
2,19,8,2413,64,7
2,19,8,4845,128,8
2,20,8,20,1,1
2,20,8,60,2,2
2,20,8,140,4,3
2,20,8,300,8,4
2,20,8,620,16,5
2,20,8,1260,32,6
2,20,8,2540,64,7
2,20,8,5100,128,8
2,0,9,0,1,1
2,0,9,0,2,2
2,0,9,0,4,3
2,0,9,0,8,4
2,0,9,0,16,5
2,0,9,0,32,6
2,0,9,0,64,7
2,0,9,0,128,8
2,0,9,0,256,9
2,1,9,1,1,1
2,1,9,3,2,2
2,1,9,7,4,3
2,1,9,15,8,4
2,1,9,31,16,5
2,1,9,63,32,6
2,1,9,127,64,7
2,1,9,255,128,8
2,1,9,511,256,9
2,2,9,2,1,1
2,2,9,6,2,2
2,2,9,14,4,3
2,2,9,30,8,4
2,2,9,62,16,5
2,2,9,126,32,6
2,2,9,254,64,7
2,2,9,510,128,8
2,2,9,1022,256,9
2,3,9,3,1,1
2,3,9,9,2,2
2,3,9,21,4,3
2,3,9,45,8,4
2,3,9,93,16,5
2,3,9,189,32,6
2,3,9,381,64,7
2,3,9,765,128,8
2,3,9,1533,256,9
2,4,9,4,1,1
2,4,9,12,2,2
2,4,9,28,4,3
2,4,9,60,8,4
2,4,9,124,16,5
2,4,9,252,32,6
2,4,9,508,64,7
2,4,9,1020,128,8
2,4,9,2044,256,9
2,5,9,5,1,1
2,5,9,15,2,2
2,5,9,35,4,3
2,5,9,75,8,4
2,5,9,155,16,5
2,5,9,315,32,6
2,5,9,635,64,7
2,5,9,1275,128,8
2,5,9,2555,256,9
2,6,9,6,1,1
2,6,9,18,2,2
2,6,9,42,4,3
2,6,9,90,8,4
2,6,9,186,16,5
2,6,9,378,32,6
2,6,9,762,64,7
2,6,9,1530,128,8
2,6,9,3066,256,9
2,7,9,7,1,1
2,7,9,21,2,2
2,7,9,49,4,3
2,7,9,105,8,4
2,7,9,217,16,5
2,7,9,441,32,6
2,7,9,889,64,7
2,7,9,1785,128,8
2,7,9,3577,256,9
2,8,9,8,1,1
2,8,9,24,2,2
2,8,9,56,4,3
2,8,9,120,8,4
2,8,9,248,16,5
2,8,9,504,32,6
2,8,9,1016,64,7
2,8,9,2040,128,8
2,8,9,4088,256,9
2,9,9,9,1,1
2,9,9,27,2,2
2,9,9,63,4,3
2,9,9,135,8,4
2,9,9,279,16,5
2,9,9,567,32,6
2,9,9,1143,64,7
2,9,9,2295,128,8
2,9,9,4599,256,9
2,10,9,10,1,1
2,10,9,30,2,2
2,10,9,70,4,3
2,10,9,150,8,4
2,10,9,310,16,5
2,10,9,630,32,6
2,10,9,1270,64,7
2,10,9,2550,128,8
2,10,9,5110,256,9
2,11,9,11,1,1
2,11,9,33,2,2
2,11,9,77,4,3
2,11,9,165,8,4
2,11,9,341,16,5
2,11,9,693,32,6
2,11,9,1397,64,7
2,11,9,2805,128,8
2,11,9,5621,256,9
2,12,9,12,1,1
2,12,9,36,2,2
2,12,9,84,4,3
2,12,9,180,8,4
2,12,9,372,16,5
2,12,9,756,32,6
2,12,9,1524,64,7
2,12,9,3060,128,8
2,12,9,6132,256,9
2,13,9,13,1,1
2,13,9,39,2,2
2,13,9,91,4,3
2,13,9,195,8,4
2,13,9,403,16,5
2,13,9,819,32,6
2,13,9,1651,64,7
2,13,9,3315,128,8
2,13,9,6643,256,9
2,14,9,14,1,1
2,14,9,42,2,2
2,14,9,98,4,3
2,14,9,210,8,4
2,14,9,434,16,5
2,14,9,882,32,6
2,14,9,1778,64,7
2,14,9,3570,128,8
2,14,9,7154,256,9
2,15,9,15,1,1
2,15,9,45,2,2
2,15,9,105,4,3
2,15,9,225,8,4
2,15,9,465,16,5
2,15,9,945,32,6
2,15,9,1905,64,7
2,15,9,3825,128,8
2,15,9,7665,256,9
2,16,9,16,1,1
2,16,9,48,2,2
2,16,9,112,4,3
2,16,9,240,8,4
2,16,9,496,16,5
2,16,9,1008,32,6
2,16,9,2032,64,7
2,16,9,4080,128,8
2,16,9,8176,256,9
2,17,9,17,1,1
2,17,9,51,2,2
2,17,9,119,4,3
2,17,9,255,8,4
2,17,9,527,16,5
2,17,9,1071,32,6
2,17,9,2159,64,7
2,17,9,4335,128,8
2,17,9,8687,256,9
2,18,9,18,1,1
2,18,9,54,2,2
2,18,9,126,4,3
2,18,9,270,8,4
2,18,9,558,16,5
2,18,9,1134,32,6
2,18,9,2286,64,7
2,18,9,4590,128,8
2,18,9,9198,256,9
2,19,9,19,1,1
2,19,9,57,2,2
2,19,9,133,4,3
2,19,9,285,8,4
2,19,9,589,16,5
2,19,9,1197,32,6
2,19,9,2413,64,7
2,19,9,4845,128,8
2,19,9,9709,256,9
2,20,9,20,1,1
2,20,9,60,2,2
2,20,9,140,4,3
2,20,9,300,8,4
2,20,9,620,16,5
2,20,9,1260,32,6
2,20,9,2540,64,7
2,20,9,5100,128,8
2,20,9,10220,256,9
2,0,10,0,1,1
2,0,10,0,2,2
2,0,10,0,4,3
2,0,10,0,8,4
2,0,10,0,16,5
2,0,10,0,32,6
2,0,10,0,64,7
2,0,10,0,128,8
2,0,10,0,256,9
2,0,10,0,512,10
2,1,10,1,1,1
2,1,10,3,2,2
2,1,10,7,4,3
2,1,10,15,8,4
2,1,10,31,16,5
2,1,10,63,32,6
2,1,10,127,64,7
2,1,10,255,128,8
2,1,10,511,256,9
2,1,10,1023,512,10
2,2,10,2,1,1
2,2,10,6,2,2
2,2,10,14,4,3
2,2,10,30,8,4
2,2,10,62,16,5
2,2,10,126,32,6
2,2,10,254,64,7
2,2,10,510,128,8
2,2,10,1022,256,9
2,2,10,2046,512,10
2,3,10,3,1,1
2,3,10,9,2,2
2,3,10,21,4,3
2,3,10,45,8,4
2,3,10,93,16,5
2,3,10,189,32,6
2,3,10,381,64,7
2,3,10,765,128,8
2,3,10,1533,256,9
2,3,10,3069,512,10
2,4,10,4,1,1
2,4,10,12,2,2
2,4,10,28,4,3
2,4,10,60,8,4
2,4,10,124,16,5
2,4,10,252,32,6
2,4,10,508,64,7
2,4,10,1020,128,8
2,4,10,2044,256,9
2,4,10,4092,512,10
2,5,10,5,1,1
2,5,10,15,2,2
2,5,10,35,4,3
2,5,10,75,8,4
2,5,10,155,16,5
2,5,10,315,32,6
2,5,10,635,64,7
2,5,10,1275,128,8
2,5,10,2555,256,9
2,5,10,5115,512,10
2,6,10,6,1,1
2,6,10,18,2,2
2,6,10,42,4,3
2,6,10,90,8,4
2,6,10,186,16,5
2,6,10,378,32,6
2,6,10,762,64,7
2,6,10,1530,128,8
2,6,10,3066,256,9
2,6,10,6138,512,10
2,7,10,7,1,1
2,7,10,21,2,2
2,7,10,49,4,3
2,7,10,105,8,4
2,7,10,217,16,5
2,7,10,441,32,6
2,7,10,889,64,7
2,7,10,1785,128,8
2,7,10,3577,256,9
2,7,10,7161,512,10
2,8,10,8,1,1
2,8,10,24,2,2
2,8,10,56,4,3
2,8,10,120,8,4
2,8,10,248,16,5
2,8,10,504,32,6
2,8,10,1016,64,7
2,8,10,2040,128,8
2,8,10,4088,256,9
2,8,10,8184,512,10
2,9,10,9,1,1
2,9,10,27,2,2
2,9,10,63,4,3
2,9,10,135,8,4
2,9,10,279,16,5
2,9,10,567,32,6
2,9,10,1143,64,7
2,9,10,2295,128,8
2,9,10,4599,256,9
2,9,10,9207,512,10
2,10,10,10,1,1
2,10,10,30,2,2
2,10,10,70,4,3
2,10,10,150,8,4
2,10,10,310,16,5
2,10,10,630,32,6
2,10,10,1270,64,7
2,10,10,2550,128,8
2,10,10,5110,256,9
2,10,10,10230,512,10
2,11,10,11,1,1
2,11,10,33,2,2
2,11,10,77,4,3
2,11,10,165,8,4
2,11,10,341,16,5
2,11,10,693,32,6
2,11,10,1397,64,7
2,11,10,2805,128,8
2,11,10,5621,256,9
2,11,10,11253,512,10
2,12,10,12,1,1
2,12,10,36,2,2
2,12,10,84,4,3
2,12,10,180,8,4
2,12,10,372,16,5
2,12,10,756,32,6
2,12,10,1524,64,7
2,12,10,3060,128,8
2,12,10,6132,256,9
2,12,10,12276,512,10
2,13,10,13,1,1
2,13,10,39,2,2
2,13,10,91,4,3
2,13,10,195,8,4
2,13,10,403,16,5
2,13,10,819,32,6
2,13,10,1651,64,7
2,13,10,3315,128,8
2,13,10,6643,256,9
2,13,10,13299,512,10
2,14,10,14,1,1
2,14,10,42,2,2
2,14,10,98,4,3
2,14,10,210,8,4
2,14,10,434,16,5
2,14,10,882,32,6
2,14,10,1778,64,7
2,14,10,3570,128,8
2,14,10,7154,256,9
2,14,10,14322,512,10
2,15,10,15,1,1
2,15,10,45,2,2
2,15,10,105,4,3
2,15,10,225,8,4
2,15,10,465,16,5
2,15,10,945,32,6
2,15,10,1905,64,7
2,15,10,3825,128,8
2,15,10,7665,256,9
2,15,10,15345,512,10
2,16,10,16,1,1
2,16,10,48,2,2
2,16,10,112,4,3
2,16,10,240,8,4
2,16,10,496,16,5
2,16,10,1008,32,6
2,16,10,2032,64,7
2,16,10,4080,128,8
2,16,10,8176,256,9
2,16,10,16368,512,10
2,17,10,17,1,1
2,17,10,51,2,2
2,17,10,119,4,3
2,17,10,255,8,4
2,17,10,527,16,5
2,17,10,1071,32,6
2,17,10,2159,64,7
2,17,10,4335,128,8
2,17,10,8687,256,9
2,17,10,17391,512,10
2,18,10,18,1,1
2,18,10,54,2,2
2,18,10,126,4,3
2,18,10,270,8,4
2,18,10,558,16,5
2,18,10,1134,32,6
2,18,10,2286,64,7
2,18,10,4590,128,8
2,18,10,9198,256,9
2,18,10,18414,512,10
2,19,10,19,1,1
2,19,10,57,2,2
2,19,10,133,4,3
2,19,10,285,8,4
2,19,10,589,16,5
2,19,10,1197,32,6
2,19,10,2413,64,7
2,19,10,4845,128,8
2,19,10,9709,256,9
2,19,10,19437,512,10
2,20,10,20,1,1
2,20,10,60,2,2
2,20,10,140,4,3
2,20,10,300,8,4
2,20,10,620,16,5
2,20,10,1260,32,6
2,20,10,2540,64,7
2,20,10,5100,128,8
2,20,10,10220,256,9
2,20,10,20460,512,10
3,0,1,0,1,1
3,1,1,1,1,1
3,2,1,2,1,1
3,3,1,3,1,1
3,4,1,4,1,1
3,5,1,5,1,1
3,6,1,6,1,1
3,7,1,7,1,1
3,8,1,8,1,1
3,9,1,9,1,1
3,10,1,10,1,1
3,11,1,11,1,1
3,12,1,12,1,1
3,13,1,13,1,1
3,14,1,14,1,1
3,15,1,15,1,1
3,16,1,16,1,1
3,17,1,17,1,1
3,18,1,18,1,1
3,19,1,19,1,1
3,20,1,20,1,1
3,0,2,0,1,1
3,0,2,0,3,2
3,1,2,1,1,1
3,1,2,4,3,2
3,2,2,2,1,1
3,2,2,8,3,2
3,3,2,3,1,1
3,3,2,12,3,2
3,4,2,4,1,1
3,4,2,16,3,2
3,5,2,5,1,1
3,5,2,20,3,2
3,6,2,6,1,1
3,6,2,24,3,2
3,7,2,7,1,1
3,7,2,28,3,2
3,8,2,8,1,1
3,8,2,32,3,2
3,9,2,9,1,1
3,9,2,36,3,2
3,10,2,10,1,1
3,10,2,40,3,2
3,11,2,11,1,1
3,11,2,44,3,2
3,12,2,12,1,1
3,12,2,48,3,2
3,13,2,13,1,1
3,13,2,52,3,2
3,14,2,14,1,1
3,14,2,56,3,2
3,15,2,15,1,1
3,15,2,60,3,2
3,16,2,16,1,1
3,16,2,64,3,2
3,17,2,17,1,1
3,17,2,68,3,2
3,18,2,18,1,1
3,18,2,72,3,2
3,19,2,19,1,1
3,19,2,76,3,2
3,20,2,20,1,1
3,20,2,80,3,2
3,0,3,0,1,1
3,0,3,0,3,2
3,0,3,0,9,3
3,1,3,1,1,1
3,1,3,4,3,2
3,1,3,13,9,3
3,2,3,2,1,1
3,2,3,8,3,2
3,2,3,26,9,3
3,3,3,3,1,1
3,3,3,12,3,2
3,3,3,39,9,3
3,4,3,4,1,1
3,4,3,16,3,2
3,4,3,52,9,3
3,5,3,5,1,1
3,5,3,20,3,2
3,5,3,65,9,3
3,6,3,6,1,1
3,6,3,24,3,2
3,6,3,78,9,3
3,7,3,7,1,1
3,7,3,28,3,2
3,7,3,91,9,3
3,8,3,8,1,1
3,8,3,32,3,2
3,8,3,104,9,3
3,9,3,9,1,1
3,9,3,36,3,2
3,9,3,117,9,3
3,10,3,10,1,1
3,10,3,40,3,2
3,10,3,130,9,3
3,11,3,11,1,1
3,11,3,44,3,2
3,11,3,143,9,3
3,12,3,12,1,1
3,12,3,48,3,2
3,12,3,156,9,3
3,13,3,13,1,1
3,13,3,52,3,2
3,13,3,169,9,3
3,14,3,14,1,1
3,14,3,56,3,2
3,14,3,182,9,3
3,15,3,15,1,1
3,15,3,60,3,2
3,15,3,195,9,3
3,16,3,16,1,1
3,16,3,64,3,2
3,16,3,208,9,3
3,17,3,17,1,1
3,17,3,68,3,2
3,17,3,221,9,3
3,18,3,18,1,1
3,18,3,72,3,2
3,18,3,234,9,3
3,19,3,19,1,1
3,19,3,76,3,2
3,19,3,247,9,3
3,20,3,20,1,1
3,20,3,80,3,2
3,20,3,260,9,3
3,0,4,0,1,1
3,0,4,0,3,2
3,0,4,0,9,3
3,0,4,0,27,4
3,1,4,1,1,1
3,1,4,4,3,2
3,1,4,13,9,3
3,1,4,40,27,4
3,2,4,2,1,1
3,2,4,8,3,2
3,2,4,26,9,3
3,2,4,80,27,4
3,3,4,3,1,1
3,3,4,12,3,2
3,3,4,39,9,3
3,3,4,120,27,4
3,4,4,4,1,1
3,4,4,16,3,2
3,4,4,52,9,3
3,4,4,160,27,4
3,5,4,5,1,1
3,5,4,20,3,2
3,5,4,65,9,3
3,5,4,200,27,4
3,6,4,6,1,1
3,6,4,24,3,2
3,6,4,78,9,3
3,6,4,240,27,4
3,7,4,7,1,1
3,7,4,28,3,2
3,7,4,91,9,3
3,7,4,280,27,4
3,8,4,8,1,1
3,8,4,32,3,2
3,8,4,104,9,3
3,8,4,320,27,4
3,9,4,9,1,1
3,9,4,36,3,2
3,9,4,117,9,3
3,9,4,360,27,4
3,10,4,10,1,1
3,10,4,40,3,2
3,10,4,130,9,3
3,10,4,400,27,4
3,11,4,11,1,1
3,11,4,44,3,2
3,11,4,143,9,3
3,11,4,440,27,4
3,12,4,12,1,1
3,12,4,48,3,2
3,12,4,156,9,3
3,12,4,480,27,4
3,13,4,13,1,1
3,13,4,52,3,2
3,13,4,169,9,3
3,13,4,520,27,4
3,14,4,14,1,1
3,14,4,56,3,2
3,14,4,182,9,3
3,14,4,560,27,4
3,15,4,15,1,1
3,15,4,60,3,2
3,15,4,195,9,3
3,15,4,600,27,4
3,16,4,16,1,1
3,16,4,64,3,2
3,16,4,208,9,3
3,16,4,640,27,4
3,17,4,17,1,1
3,17,4,68,3,2
3,17,4,221,9,3
3,17,4,680,27,4
3,18,4,18,1,1
3,18,4,72,3,2
3,18,4,234,9,3
3,18,4,720,27,4
3,19,4,19,1,1
3,19,4,76,3,2
3,19,4,247,9,3
3,19,4,760,27,4
3,20,4,20,1,1
3,20,4,80,3,2
3,20,4,260,9,3
3,20,4,800,27,4
3,0,5,0,1,1
3,0,5,0,3,2
3,0,5,0,9,3
3,0,5,0,27,4
3,0,5,0,81,5
3,1,5,1,1,1
3,1,5,4,3,2
3,1,5,13,9,3
3,1,5,40,27,4
3,1,5,121,81,5
3,2,5,2,1,1
3,2,5,8,3,2
3,2,5,26,9,3
3,2,5,80,27,4
3,2,5,242,81,5
3,3,5,3,1,1
3,3,5,12,3,2
3,3,5,39,9,3
3,3,5,120,27,4
3,3,5,363,81,5
3,4,5,4,1,1
3,4,5,16,3,2
3,4,5,52,9,3
3,4,5,160,27,4
3,4,5,484,81,5
3,5,5,5,1,1
3,5,5,20,3,2
3,5,5,65,9,3
3,5,5,200,27,4
3,5,5,605,81,5
3,6,5,6,1,1
3,6,5,24,3,2
3,6,5,78,9,3
3,6,5,240,27,4
3,6,5,726,81,5
3,7,5,7,1,1
3,7,5,28,3,2
3,7,5,91,9,3
3,7,5,280,27,4
3,7,5,847,81,5
3,8,5,8,1,1
3,8,5,32,3,2
3,8,5,104,9,3
3,8,5,320,27,4
3,8,5,968,81,5
3,9,5,9,1,1
3,9,5,36,3,2
3,9,5,117,9,3
3,9,5,360,27,4
3,9,5,1089,81,5
3,10,5,10,1,1
3,10,5,40,3,2
3,10,5,130,9,3
3,10,5,400,27,4
3,10,5,1210,81,5
3,11,5,11,1,1
3,11,5,44,3,2
3,11,5,143,9,3
3,11,5,440,27,4
3,11,5,1331,81,5
3,12,5,12,1,1
3,12,5,48,3,2
3,12,5,156,9,3
3,12,5,480,27,4
3,12,5,1452,81,5
3,13,5,13,1,1
3,13,5,52,3,2
3,13,5,169,9,3
3,13,5,520,27,4
3,13,5,1573,81,5
3,14,5,14,1,1
3,14,5,56,3,2
3,14,5,182,9,3
3,14,5,560,27,4
3,14,5,1694,81,5
3,15,5,15,1,1
3,15,5,60,3,2
3,15,5,195,9,3
3,15,5,600,27,4
3,15,5,1815,81,5
3,16,5,16,1,1
3,16,5,64,3,2
3,16,5,208,9,3
3,16,5,640,27,4
3,16,5,1936,81,5
3,17,5,17,1,1
3,17,5,68,3,2
3,17,5,221,9,3
3,17,5,680,27,4
3,17,5,2057,81,5
3,18,5,18,1,1
3,18,5,72,3,2
3,18,5,234,9,3
3,18,5,720,27,4
3,18,5,2178,81,5
3,19,5,19,1,1
3,19,5,76,3,2
3,19,5,247,9,3
3,19,5,760,27,4
3,19,5,2299,81,5
3,20,5,20,1,1
3,20,5,80,3,2
3,20,5,260,9,3
3,20,5,800,27,4
3,20,5,2420,81,5
3,0,6,0,1,1
3,0,6,0,3,2
3,0,6,0,9,3
3,0,6,0,27,4
3,0,6,0,81,5
3,0,6,0,243,6
3,1,6,1,1,1
3,1,6,4,3,2
3,1,6,13,9,3
3,1,6,40,27,4
3,1,6,121,81,5
3,1,6,364,243,6
3,2,6,2,1,1
3,2,6,8,3,2
3,2,6,26,9,3
3,2,6,80,27,4
3,2,6,242,81,5
3,2,6,728,243,6
3,3,6,3,1,1
3,3,6,12,3,2
3,3,6,39,9,3
3,3,6,120,27,4
3,3,6,363,81,5
3,3,6,1092,243,6
3,4,6,4,1,1
3,4,6,16,3,2
3,4,6,52,9,3
3,4,6,160,27,4
3,4,6,484,81,5
3,4,6,1456,243,6
3,5,6,5,1,1
3,5,6,20,3,2
3,5,6,65,9,3
3,5,6,200,27,4
3,5,6,605,81,5
3,5,6,1820,243,6
3,6,6,6,1,1
3,6,6,24,3,2
3,6,6,78,9,3
3,6,6,240,27,4
3,6,6,726,81,5
3,6,6,2184,243,6
3,7,6,7,1,1
3,7,6,28,3,2
3,7,6,91,9,3
3,7,6,280,27,4
3,7,6,847,81,5
3,7,6,2548,243,6
3,8,6,8,1,1
3,8,6,32,3,2
3,8,6,104,9,3
3,8,6,320,27,4
3,8,6,968,81,5
3,8,6,2912,243,6
3,9,6,9,1,1
3,9,6,36,3,2
3,9,6,117,9,3
3,9,6,360,27,4
3,9,6,1089,81,5
3,9,6,3276,243,6
3,10,6,10,1,1
3,10,6,40,3,2
3,10,6,130,9,3
3,10,6,400,27,4
3,10,6,1210,81,5
3,10,6,3640,243,6
3,11,6,11,1,1
3,11,6,44,3,2
3,11,6,143,9,3
3,11,6,440,27,4
3,11,6,1331,81,5
3,11,6,4004,243,6
3,12,6,12,1,1
3,12,6,48,3,2
3,12,6,156,9,3
3,12,6,480,27,4
3,12,6,1452,81,5
3,12,6,4368,243,6
3,13,6,13,1,1
3,13,6,52,3,2
3,13,6,169,9,3
3,13,6,520,27,4
3,13,6,1573,81,5
3,13,6,4732,243,6
3,14,6,14,1,1
3,14,6,56,3,2
3,14,6,182,9,3
3,14,6,560,27,4
3,14,6,1694,81,5
3,14,6,5096,243,6
3,15,6,15,1,1
3,15,6,60,3,2
3,15,6,195,9,3
3,15,6,600,27,4
3,15,6,1815,81,5
3,15,6,5460,243,6
3,16,6,16,1,1
3,16,6,64,3,2
3,16,6,208,9,3
3,16,6,640,27,4
3,16,6,1936,81,5
3,16,6,5824,243,6
3,17,6,17,1,1
3,17,6,68,3,2
3,17,6,221,9,3
3,17,6,680,27,4
3,17,6,2057,81,5
3,17,6,6188,243,6
3,18,6,18,1,1
3,18,6,72,3,2
3,18,6,234,9,3
3,18,6,720,27,4
3,18,6,2178,81,5
3,18,6,6552,243,6
3,19,6,19,1,1
3,19,6,76,3,2
3,19,6,247,9,3
3,19,6,760,27,4
3,19,6,2299,81,5
3,19,6,6916,243,6
3,20,6,20,1,1
3,20,6,80,3,2
3,20,6,260,9,3
3,20,6,800,27,4
3,20,6,2420,81,5
3,20,6,7280,243,6
3,0,7,0,1,1
3,0,7,0,3,2
3,0,7,0,9,3
3,0,7,0,27,4
3,0,7,0,81,5
3,0,7,0,243,6
3,0,7,0,729,7
3,1,7,1,1,1
3,1,7,4,3,2
3,1,7,13,9,3
3,1,7,40,27,4
3,1,7,121,81,5
3,1,7,364,243,6
3,1,7,1093,729,7
3,2,7,2,1,1
3,2,7,8,3,2
3,2,7,26,9,3
3,2,7,80,27,4
3,2,7,242,81,5
3,2,7,728,243,6
3,2,7,2186,729,7
3,3,7,3,1,1
3,3,7,12,3,2
3,3,7,39,9,3
3,3,7,120,27,4
3,3,7,363,81,5
3,3,7,1092,243,6
3,3,7,3279,729,7
3,4,7,4,1,1
3,4,7,16,3,2
3,4,7,52,9,3
3,4,7,160,27,4
3,4,7,484,81,5
3,4,7,1456,243,6
3,4,7,4372,729,7
3,5,7,5,1,1
3,5,7,20,3,2
3,5,7,65,9,3
3,5,7,200,27,4
3,5,7,605,81,5
3,5,7,1820,243,6
3,5,7,5465,729,7
3,6,7,6,1,1
3,6,7,24,3,2
3,6,7,78,9,3
3,6,7,240,27,4
3,6,7,726,81,5
3,6,7,2184,243,6
3,6,7,6558,729,7
3,7,7,7,1,1
3,7,7,28,3,2
3,7,7,91,9,3
3,7,7,280,27,4
3,7,7,847,81,5
3,7,7,2548,243,6
3,7,7,7651,729,7
3,8,7,8,1,1
3,8,7,32,3,2
3,8,7,104,9,3
3,8,7,320,27,4
3,8,7,968,81,5
3,8,7,2912,243,6
3,8,7,8744,729,7
3,9,7,9,1,1
3,9,7,36,3,2
3,9,7,117,9,3
3,9,7,360,27,4
3,9,7,1089,81,5
3,9,7,3276,243,6
3,9,7,9837,729,7
3,10,7,10,1,1
3,10,7,40,3,2
3,10,7,130,9,3
3,10,7,400,27,4
3,10,7,1210,81,5
3,10,7,3640,243,6
3,10,7,10930,729,7
3,11,7,11,1,1
3,11,7,44,3,2
3,11,7,143,9,3
3,11,7,440,27,4
3,11,7,1331,81,5
3,11,7,4004,243,6
3,11,7,12023,729,7
3,12,7,12,1,1
3,12,7,48,3,2
3,12,7,156,9,3
3,12,7,480,27,4
3,12,7,1452,81,5
3,12,7,4368,243,6
3,12,7,13116,729,7
3,13,7,13,1,1
3,13,7,52,3,2
3,13,7,169,9,3
3,13,7,520,27,4
3,13,7,1573,81,5
3,13,7,4732,243,6
3,13,7,14209,729,7
3,14,7,14,1,1
3,14,7,56,3,2
3,14,7,182,9,3
3,14,7,560,27,4
3,14,7,1694,81,5
3,14,7,5096,243,6
3,14,7,15302,729,7
3,15,7,15,1,1
3,15,7,60,3,2
3,15,7,195,9,3
3,15,7,600,27,4
3,15,7,1815,81,5
3,15,7,5460,243,6
3,15,7,16395,729,7
3,16,7,16,1,1
3,16,7,64,3,2
3,16,7,208,9,3
3,16,7,640,27,4
3,16,7,1936,81,5
3,16,7,5824,243,6
3,16,7,17488,729,7
3,17,7,17,1,1
3,17,7,68,3,2
3,17,7,221,9,3
3,17,7,680,27,4
3,17,7,2057,81,5
3,17,7,6188,243,6
3,17,7,18581,729,7
3,18,7,18,1,1
3,18,7,72,3,2
3,18,7,234,9,3
3,18,7,720,27,4
3,18,7,2178,81,5
3,18,7,6552,243,6
3,18,7,19674,729,7
3,19,7,19,1,1
3,19,7,76,3,2
3,19,7,247,9,3
3,19,7,760,27,4
3,19,7,2299,81,5
3,19,7,6916,243,6
3,19,7,20767,729,7
3,20,7,20,1,1
3,20,7,80,3,2
3,20,7,260,9,3
3,20,7,800,27,4
3,20,7,2420,81,5
3,20,7,7280,243,6
3,20,7,21860,729,7
3,0,8,0,1,1
3,0,8,0,3,2
3,0,8,0,9,3
3,0,8,0,27,4
3,0,8,0,81,5
3,0,8,0,243,6
3,0,8,0,729,7
3,0,8,0,2187,8
3,1,8,1,1,1
3,1,8,4,3,2
3,1,8,13,9,3
3,1,8,40,27,4
3,1,8,121,81,5
3,1,8,364,243,6
3,1,8,1093,729,7
3,1,8,3280,2187,8
3,2,8,2,1,1
3,2,8,8,3,2
3,2,8,26,9,3
3,2,8,80,27,4
3,2,8,242,81,5
3,2,8,728,243,6
3,2,8,2186,729,7
3,2,8,6560,2187,8
3,3,8,3,1,1
3,3,8,12,3,2
3,3,8,39,9,3
3,3,8,120,27,4
3,3,8,363,81,5
3,3,8,1092,243,6
3,3,8,3279,729,7
3,3,8,9840,2187,8
3,4,8,4,1,1
3,4,8,16,3,2
3,4,8,52,9,3
3,4,8,160,27,4
3,4,8,484,81,5
3,4,8,1456,243,6
3,4,8,4372,729,7
3,4,8,13120,2187,8
3,5,8,5,1,1
3,5,8,20,3,2
3,5,8,65,9,3
3,5,8,200,27,4
3,5,8,605,81,5
3,5,8,1820,243,6
3,5,8,5465,729,7
3,5,8,16400,2187,8
3,6,8,6,1,1
3,6,8,24,3,2
3,6,8,78,9,3
3,6,8,240,27,4
3,6,8,726,81,5
3,6,8,2184,243,6
3,6,8,6558,729,7
3,6,8,19680,2187,8
3,7,8,7,1,1
3,7,8,28,3,2
3,7,8,91,9,3
3,7,8,280,27,4
3,7,8,847,81,5
3,7,8,2548,243,6
3,7,8,7651,729,7
3,7,8,22960,2187,8
3,8,8,8,1,1
3,8,8,32,3,2
3,8,8,104,9,3
3,8,8,320,27,4
3,8,8,968,81,5
3,8,8,2912,243,6
3,8,8,8744,729,7
3,8,8,26240,2187,8
3,9,8,9,1,1
3,9,8,36,3,2
3,9,8,117,9,3
3,9,8,360,27,4
3,9,8,1089,81,5
3,9,8,3276,243,6
3,9,8,9837,729,7
3,9,8,29520,2187,8
3,10,8,10,1,1
3,10,8,40,3,2
3,10,8,130,9,3
3,10,8,400,27,4
3,10,8,1210,81,5
3,10,8,3640,243,6
3,10,8,10930,729,7
3,10,8,32800,2187,8
3,11,8,11,1,1
3,11,8,44,3,2
3,11,8,143,9,3
3,11,8,440,27,4
3,11,8,1331,81,5
3,11,8,4004,243,6
3,11,8,12023,729,7
3,11,8,36080,2187,8
3,12,8,12,1,1
3,12,8,48,3,2
3,12,8,156,9,3
3,12,8,480,27,4
3,12,8,1452,81,5
3,12,8,4368,243,6
3,12,8,13116,729,7
3,12,8,39360,2187,8
3,13,8,13,1,1
3,13,8,52,3,2
3,13,8,169,9,3
3,13,8,520,27,4
3,13,8,1573,81,5
3,13,8,4732,243,6
3,13,8,14209,729,7
3,13,8,42640,2187,8
3,14,8,14,1,1
3,14,8,56,3,2
3,14,8,182,9,3
3,14,8,560,27,4
3,14,8,1694,81,5
3,14,8,5096,243,6
3,14,8,15302,729,7
3,14,8,45920,2187,8
3,15,8,15,1,1
3,15,8,60,3,2
3,15,8,195,9,3
3,15,8,600,27,4
3,15,8,1815,81,5
3,15,8,5460,243,6
3,15,8,16395,729,7
3,15,8,49200,2187,8
3,16,8,16,1,1
3,16,8,64,3,2
3,16,8,208,9,3
3,16,8,640,27,4
3,16,8,1936,81,5
3,16,8,5824,243,6
3,16,8,17488,729,7
3,16,8,52480,2187,8
3,17,8,17,1,1
3,17,8,68,3,2
3,17,8,221,9,3
3,17,8,680,27,4
3,17,8,2057,81,5
3,17,8,6188,243,6
3,17,8,18581,729,7
3,17,8,55760,2187,8
3,18,8,18,1,1
3,18,8,72,3,2
3,18,8,234,9,3
3,18,8,720,27,4
3,18,8,2178,81,5
3,18,8,6552,243,6
3,18,8,19674,729,7
3,18,8,59040,2187,8
3,19,8,19,1,1
3,19,8,76,3,2
3,19,8,247,9,3
3,19,8,760,27,4
3,19,8,2299,81,5
3,19,8,6916,243,6
3,19,8,20767,729,7
3,19,8,62320,2187,8
3,20,8,20,1,1
3,20,8,80,3,2
3,20,8,260,9,3
3,20,8,800,27,4
3,20,8,2420,81,5
3,20,8,7280,243,6
3,20,8,21860,729,7
3,20,8,65600,2187,8
3,0,9,0,1,1
3,0,9,0,3,2
3,0,9,0,9,3
3,0,9,0,27,4
3,0,9,0,81,5
3,0,9,0,243,6
3,0,9,0,729,7
3,0,9,0,2187,8
3,0,9,0,6561,9
3,1,9,1,1,1
3,1,9,4,3,2
3,1,9,13,9,3
3,1,9,40,27,4
3,1,9,121,81,5
3,1,9,364,243,6
3,1,9,1093,729,7
3,1,9,3280,2187,8
3,1,9,9841,6561,9
3,2,9,2,1,1
3,2,9,8,3,2
3,2,9,26,9,3
3,2,9,80,27,4
3,2,9,242,81,5
3,2,9,728,243,6
3,2,9,2186,729,7
3,2,9,6560,2187,8
3,2,9,19682,6561,9
3,3,9,3,1,1
3,3,9,12,3,2
3,3,9,39,9,3
3,3,9,120,27,4
3,3,9,363,81,5
3,3,9,1092,243,6
3,3,9,3279,729,7
3,3,9,9840,2187,8
3,3,9,29523,6561,9
3,4,9,4,1,1
3,4,9,16,3,2
3,4,9,52,9,3
3,4,9,160,27,4
3,4,9,484,81,5
3,4,9,1456,243,6
3,4,9,4372,729,7
3,4,9,13120,2187,8
3,4,9,39364,6561,9
3,5,9,5,1,1
3,5,9,20,3,2
3,5,9,65,9,3
3,5,9,200,27,4
3,5,9,605,81,5
3,5,9,1820,243,6
3,5,9,5465,729,7
3,5,9,16400,2187,8
3,5,9,49205,6561,9
3,6,9,6,1,1
3,6,9,24,3,2
3,6,9,78,9,3
3,6,9,240,27,4
3,6,9,726,81,5
3,6,9,2184,243,6
3,6,9,6558,729,7
3,6,9,19680,2187,8
3,6,9,59046,6561,9
3,7,9,7,1,1
3,7,9,28,3,2
3,7,9,91,9,3
3,7,9,280,27,4
3,7,9,847,81,5
3,7,9,2548,243,6
3,7,9,7651,729,7
3,7,9,22960,2187,8
3,7,9,68887,6561,9
3,8,9,8,1,1
3,8,9,32,3,2
3,8,9,104,9,3
3,8,9,320,27,4
3,8,9,968,81,5
3,8,9,2912,243,6
3,8,9,8744,729,7
3,8,9,26240,2187,8
3,8,9,78728,6561,9
3,9,9,9,1,1
3,9,9,36,3,2
3,9,9,117,9,3
3,9,9,360,27,4
3,9,9,1089,81,5
3,9,9,3276,243,6
3,9,9,9837,729,7
3,9,9,29520,2187,8
3,9,9,88569,6561,9
3,10,9,10,1,1
3,10,9,40,3,2
3,10,9,130,9,3
3,10,9,400,27,4
3,10,9,1210,81,5
3,10,9,3640,243,6
3,10,9,10930,729,7
3,10,9,32800,2187,8
3,10,9,98410,6561,9
3,11,9,11,1,1
3,11,9,44,3,2
3,11,9,143,9,3
3,11,9,440,27,4
3,11,9,1331,81,5
3,11,9,4004,243,6
3,11,9,12023,729,7
3,11,9,36080,2187,8
3,11,9,108251,6561,9
3,12,9,12,1,1
3,12,9,48,3,2
3,12,9,156,9,3
3,12,9,480,27,4
3,12,9,1452,81,5
3,12,9,4368,243,6
3,12,9,13116,729,7
3,12,9,39360,2187,8
3,12,9,118092,6561,9
3,13,9,13,1,1
3,13,9,52,3,2
3,13,9,169,9,3
3,13,9,520,27,4
3,13,9,1573,81,5
3,13,9,4732,243,6
3,13,9,14209,729,7
3,13,9,42640,2187,8
3,13,9,127933,6561,9
3,14,9,14,1,1
3,14,9,56,3,2
3,14,9,182,9,3
3,14,9,560,27,4
3,14,9,1694,81,5
3,14,9,5096,243,6
3,14,9,15302,729,7
3,14,9,45920,2187,8
3,14,9,137774,6561,9
3,15,9,15,1,1
3,15,9,60,3,2
3,15,9,195,9,3
3,15,9,600,27,4
3,15,9,1815,81,5
3,15,9,5460,243,6
3,15,9,16395,729,7
3,15,9,49200,2187,8
3,15,9,147615,6561,9
3,16,9,16,1,1
3,16,9,64,3,2
3,16,9,208,9,3
3,16,9,640,27,4
3,16,9,1936,81,5
3,16,9,5824,243,6
3,16,9,17488,729,7
3,16,9,52480,2187,8
3,16,9,157456,6561,9
3,17,9,17,1,1
3,17,9,68,3,2
3,17,9,221,9,3
3,17,9,680,27,4
3,17,9,2057,81,5
3,17,9,6188,243,6
3,17,9,18581,729,7
3,17,9,55760,2187,8
3,17,9,167297,6561,9
3,18,9,18,1,1
3,18,9,72,3,2
3,18,9,234,9,3
3,18,9,720,27,4
3,18,9,2178,81,5
3,18,9,6552,243,6
3,18,9,19674,729,7
3,18,9,59040,2187,8
3,18,9,177138,6561,9
3,19,9,19,1,1
3,19,9,76,3,2
3,19,9,247,9,3
3,19,9,760,27,4
3,19,9,2299,81,5
